url,entityID
finance/moneycentral.msn.com/COMS.html,COMS
finance/moneycentral.msn.com/KDE.html,KDE
finance/moneycentral.msn.com/ABT.html,ABT
finance/moneycentral.msn.com/ANF.html,ANF
finance/moneycentral.msn.com/ADPT.html,ADPT
finance/moneycentral.msn.com/ADBE.html,ADBE
finance/moneycentral.msn.com/AMD.html,AMD
finance/moneycentral.msn.com/ADVS.html,ADVS
finance/moneycentral.msn.com/AES.html,AES
finance/moneycentral.msn.com/AET.html,AET
finance/moneycentral.msn.com/AFFX.html,AFFX
finance/moneycentral.msn.com/AFL.html,AFL
finance/moneycentral.msn.com/A.html,A
finance/moneycentral.msn.com/APD.html,APD
finance/moneycentral.msn.com/AKAM.html,AKAM
finance/moneycentral.msn.com/ACV.html,ACV
finance/moneycentral.msn.com/AA.html,AA
finance/moneycentral.msn.com/ATI.html,ATI
finance/moneycentral.msn.com/AGN.html,AGN
finance/moneycentral.msn.com/ALL.html,ALL
finance/moneycentral.msn.com/ALTR.html,ALTR
finance/moneycentral.msn.com/AMZN.html,AMZN
finance/moneycentral.msn.com/AEP.html,AEP
finance/moneycentral.msn.com/AM.html,AM
finance/moneycentral.msn.com/AIG.html,AIG
finance/moneycentral.msn.com/APCC.html,APCC
finance/moneycentral.msn.com/AHC.html,AHC
finance/moneycentral.msn.com/AEE.html,AEE
finance/moneycentral.msn.com/AXP.html,AXP
finance/moneycentral.msn.com/AMTD.html,AMTD
finance/moneycentral.msn.com/AMGN.html,AMGN
finance/moneycentral.msn.com/AMR.html,AMR
finance/moneycentral.msn.com/APC.html,APC
finance/moneycentral.msn.com/ADI.html,ADI
finance/moneycentral.msn.com/TWX.html,TWX
finance/moneycentral.msn.com/AOC.html,AOC
finance/moneycentral.msn.com/APA.html,APA
finance/moneycentral.msn.com/AAPL.html,AAPL
finance/moneycentral.msn.com/AMAT.html,AMAT
finance/moneycentral.msn.com/AMCC.html,AMCC
finance/moneycentral.msn.com/ADM.html,ADM
finance/moneycentral.msn.com/ARIA.html,ARIA
finance/moneycentral.msn.com/ARBA.html,ARBA
finance/moneycentral.msn.com/ARW.html,ARW
finance/moneycentral.msn.com/ASH.html,ASH
finance/moneycentral.msn.com/T.html,T
finance/moneycentral.msn.com/AWE.html,AWE
finance/moneycentral.msn.com/ADSK.html,ADSK
finance/moneycentral.msn.com/ADP.html,ADP
finance/moneycentral.msn.com/AZO.html,AZO
finance/moneycentral.msn.com/AVY.html,AVY
finance/moneycentral.msn.com/AVA.html,AVA
finance/moneycentral.msn.com/AVP.html,AVP
finance/moneycentral.msn.com/BHI.html,BHI
finance/moneycentral.msn.com/BLL.html,BLL
finance/moneycentral.msn.com/BAC.html,BAC
finance/moneycentral.msn.com/BK.html,BK
finance/moneycentral.msn.com/BCR.html,BCR
finance/moneycentral.msn.com/BKS.html,BKS
finance/moneycentral.msn.com/ABX.html,ABX
finance/moneycentral.msn.com/BAX.html,BAX
finance/moneycentral.msn.com/BBT.html,BBT
finance/moneycentral.msn.com/BCE.html,BCE
finance/moneycentral.msn.com/BDX.html,BDX
finance/moneycentral.msn.com/BBBY.html,BBBY
finance/moneycentral.msn.com/BLS.html,BLS
finance/moneycentral.msn.com/BMS.html,BMS
finance/moneycentral.msn.com/BBY.html,BBY
finance/moneycentral.msn.com/BDK.html,BDK
finance/moneycentral.msn.com/HRB.html,HRB
finance/moneycentral.msn.com/BBI.html,BBI
finance/moneycentral.msn.com/BMC.html,BMC
finance/moneycentral.msn.com/BA.html,BA
finance/moneycentral.msn.com/BCC.html,BCC
finance/moneycentral.msn.com/BSX.html,BSX
finance/moneycentral.msn.com/BP.html,BP
finance/moneycentral.msn.com/BGG.html,BGG
finance/moneycentral.msn.com/BMY.html,BMY
finance/moneycentral.msn.com/BSY.html,BSY
finance/moneycentral.msn.com/BRCM.html,BRCM
finance/moneycentral.msn.com/BRCD.html,BRCD
finance/moneycentral.msn.com/BC.html,BC
finance/moneycentral.msn.com/BNI.html,BNI
finance/moneycentral.msn.com/BR.html,BR
finance/moneycentral.msn.com/CPN.html,CPN
finance/moneycentral.msn.com/CPB.html,CPB
finance/moneycentral.msn.com/COF.html,COF
finance/moneycentral.msn.com/CAH.html,CAH
finance/moneycentral.msn.com/CCL.html,CCL
finance/moneycentral.msn.com/CAT.html,CAT
finance/moneycentral.msn.com/CRA.html,CRA
finance/moneycentral.msn.com/CELG.html,CELG
finance/moneycentral.msn.com/CTX.html,CTX
finance/moneycentral.msn.com/CTL.html,CTL
finance/moneycentral.msn.com/CF.html,CF
finance/moneycentral.msn.com/CHKP.html,CHKP
finance/moneycentral.msn.com/CVX.html,CVX
finance/moneycentral.msn.com/CHL.html,CHL
finance/moneycentral.msn.com/CHINA.html,CHINA
finance/moneycentral.msn.com/CHIR.html,CHIR
finance/moneycentral.msn.com/CB.html,CB
finance/moneycentral.msn.com/CI.html,CI
finance/moneycentral.msn.com/CINF.html,CINF
finance/moneycentral.msn.com/CSCO.html,CSCO
finance/moneycentral.msn.com/C.html,C
finance/moneycentral.msn.com/CTXS.html,CTXS
finance/moneycentral.msn.com/CCU.html,CCU
finance/moneycentral.msn.com/CLX.html,CLX
finance/moneycentral.msn.com/CMS.html,CMS
finance/moneycentral.msn.com/CNET.html,CNET
finance/moneycentral.msn.com/COKE.html,COKE
finance/moneycentral.msn.com/KO.html,KO
finance/moneycentral.msn.com/CCE.html,CCE
finance/moneycentral.msn.com/CL.html,CL
finance/moneycentral.msn.com/CMCSK.html,CMCSK
finance/moneycentral.msn.com/CMA.html,CMA
finance/moneycentral.msn.com/CA.html,CA
finance/moneycentral.msn.com/CSC.html,CSC
finance/moneycentral.msn.com/CPWR.html,CPWR
finance/moneycentral.msn.com/CMVT.html,CMVT
finance/moneycentral.msn.com/CAG.html,CAG
finance/moneycentral.msn.com/ED.html,ED
finance/moneycentral.msn.com/CEG.html,CEG
finance/moneycentral.msn.com/CAL.html,CAL
finance/moneycentral.msn.com/CVG.html,CVG
finance/moneycentral.msn.com/CBE.html,CBE
finance/moneycentral.msn.com/CTB.html,CTB
finance/moneycentral.msn.com/GLW.html,GLW
finance/moneycentral.msn.com/COST.html,COST
finance/moneycentral.msn.com/CR.html,CR
finance/moneycentral.msn.com/CREE.html,CREE
finance/moneycentral.msn.com/CCK.html,CCK
finance/moneycentral.msn.com/CSX.html,CSX
finance/moneycentral.msn.com/CRGN.html,CRGN
finance/moneycentral.msn.com/CVS.html,CVS
finance/moneycentral.msn.com/DHR.html,DHR
finance/moneycentral.msn.com/DRI.html,DRI
finance/moneycentral.msn.com/DE.html,DE
finance/moneycentral.msn.com/DELL.html,DELL
finance/moneycentral.msn.com/DAL.html,DAL
finance/moneycentral.msn.com/DEL.html,DEL
finance/moneycentral.msn.com/DLX.html,DLX
finance/moneycentral.msn.com/DDS.html,DDS
finance/moneycentral.msn.com/DIS.html,DIS
finance/moneycentral.msn.com/DLTR.html,DLTR
finance/moneycentral.msn.com/D.html,D
finance/moneycentral.msn.com/DOV.html,DOV
finance/moneycentral.msn.com/DOW.html,DOW
finance/moneycentral.msn.com/DTE.html,DTE
finance/moneycentral.msn.com/DUK.html,DUK
finance/moneycentral.msn.com/DNB.html,DNB
finance/moneycentral.msn.com/DD.html,DD
finance/moneycentral.msn.com/ELNK.html,ELNK
finance/moneycentral.msn.com/EMN.html,EMN
finance/moneycentral.msn.com/EK.html,EK
finance/moneycentral.msn.com/ETN.html,ETN
finance/moneycentral.msn.com/EBAY.html,EBAY
finance/moneycentral.msn.com/ELON.html,ELON
finance/moneycentral.msn.com/DISH.html,DISH
finance/moneycentral.msn.com/ECL.html,ECL
finance/moneycentral.msn.com/EIX.html,EIX
finance/moneycentral.msn.com/ERTS.html,ERTS
finance/moneycentral.msn.com/EMC.html,EMC
finance/moneycentral.msn.com/EMR.html,EMR
finance/moneycentral.msn.com/EC.html,EC
finance/moneycentral.msn.com/ETR.html,ETR
finance/moneycentral.msn.com/ENZ.html,ENZ
finance/moneycentral.msn.com/EFX.html,EFX
finance/moneycentral.msn.com/XOM.html,XOM
finance/moneycentral.msn.com/FRE.html,FRE
finance/moneycentral.msn.com/FNM.html,FNM
finance/moneycentral.msn.com/FDX.html,FDX
finance/moneycentral.msn.com/FITB.html,FITB
finance/moneycentral.msn.com/FDC.html,FDC
finance/moneycentral.msn.com/FE.html,FE
finance/moneycentral.msn.com/FLEX.html,FLEX
finance/moneycentral.msn.com/FLR.html,FLR
finance/moneycentral.msn.com/FMC.html,FMC
finance/moneycentral.msn.com/F.html,F
finance/moneycentral.msn.com/FO.html,FO
finance/moneycentral.msn.com/FOSL.html,FOSL
finance/moneycentral.msn.com/FPL.html,FPL
finance/moneycentral.msn.com/BEN.html,BEN
finance/moneycentral.msn.com/FCX.html,FCX
finance/moneycentral.msn.com/FCEL.html,FCEL
finance/moneycentral.msn.com/GCI.html,GCI
finance/moneycentral.msn.com/GPS.html,GPS
finance/moneycentral.msn.com/DNA.html,DNA
finance/moneycentral.msn.com/GD.html,GD
finance/moneycentral.msn.com/GE.html,GE
finance/moneycentral.msn.com/GIS.html,GIS
finance/moneycentral.msn.com/OSCI.html,OSCI
finance/moneycentral.msn.com/GPC.html,GPC
finance/moneycentral.msn.com/G.html,G
finance/moneycentral.msn.com/GR.html,GR
finance/moneycentral.msn.com/GT.html,GT
finance/moneycentral.msn.com/GOOG.html,GOOG
finance/moneycentral.msn.com/GRA.html,GRA
finance/moneycentral.msn.com/GWW.html,GWW
finance/moneycentral.msn.com/GAP.html,GAP
finance/moneycentral.msn.com/GES.html,GES
finance/moneycentral.msn.com/HAL.html,HAL
finance/moneycentral.msn.com/HET.html,HET
finance/moneycentral.msn.com/HIG.html,HIG
finance/moneycentral.msn.com/HAS.html,HAS
finance/moneycentral.msn.com/HLTH.html,HLTH
finance/moneycentral.msn.com/HNZ.html,HNZ
finance/moneycentral.msn.com/HP.html,HP
finance/moneycentral.msn.com/HSY.html,HSY
finance/moneycentral.msn.com/HLT.html,HLT
finance/moneycentral.msn.com/HD.html,HD
finance/moneycentral.msn.com/HMC.html,HMC
finance/moneycentral.msn.com/HON.html,HON
finance/moneycentral.msn.com/HOTT.html,HOTT
finance/moneycentral.msn.com/HGSI.html,HGSI
finance/moneycentral.msn.com/HUM.html,HUM
finance/moneycentral.msn.com/HBAN.html,HBAN
finance/moneycentral.msn.com/ITW.html,ITW
finance/moneycentral.msn.com/RX.html,RX
finance/moneycentral.msn.com/N.html,N
finance/moneycentral.msn.com/INCY.html,INCY
finance/moneycentral.msn.com/INSP.html,INSP
finance/moneycentral.msn.com/INFY.html,INFY
finance/moneycentral.msn.com/IR.html,IR
finance/moneycentral.msn.com/INTC.html,INTC
finance/moneycentral.msn.com/ICGE.html,ICGE
finance/moneycentral.msn.com/IPG.html,IPG
finance/moneycentral.msn.com/ISIL.html,ISIL
finance/moneycentral.msn.com/IBM.html,IBM
finance/moneycentral.msn.com/IFF.html,IFF
finance/moneycentral.msn.com/IP.html,IP
finance/moneycentral.msn.com/INTU.html,INTU
finance/moneycentral.msn.com/ITT.html,ITT
finance/moneycentral.msn.com/JBL.html,JBL
finance/moneycentral.msn.com/JKHY.html,JKHY
finance/moneycentral.msn.com/JBX.html,JBX
finance/moneycentral.msn.com/JNJ.html,JNJ
finance/moneycentral.msn.com/JCI.html,JCI
finance/moneycentral.msn.com/JNPR.html,JNPR
finance/moneycentral.msn.com/KBH.html,KBH
finance/moneycentral.msn.com/KEI.html,KEI
finance/moneycentral.msn.com/K.html,K
finance/moneycentral.msn.com/KMG.html,KMG
finance/moneycentral.msn.com/KEY.html,KEY
finance/moneycentral.msn.com/KEYN.html,KEYN
finance/moneycentral.msn.com/KMB.html,KMB
finance/moneycentral.msn.com/KLAC.html,KLAC
finance/moneycentral.msn.com/KSS.html,KSS
finance/moneycentral.msn.com/KKD.html,KKD
finance/moneycentral.msn.com/KR.html,KR
finance/moneycentral.msn.com/KSWS.html,KSWS
finance/moneycentral.msn.com/KYO.html,KYO
finance/moneycentral.msn.com/LRCX.html,LRCX
finance/moneycentral.msn.com/LEG.html,LEG
finance/moneycentral.msn.com/LXK.html,LXK
finance/moneycentral.msn.com/LLY.html,LLY
finance/moneycentral.msn.com/LNC.html,LNC
finance/moneycentral.msn.com/LLTC.html,LLTC
finance/moneycentral.msn.com/LIZ.html,LIZ
finance/moneycentral.msn.com/LMT.html,LMT
finance/moneycentral.msn.com/LPX.html,LPX
finance/moneycentral.msn.com/LOW.html,LOW
finance/moneycentral.msn.com/MAR.html,MAR
finance/moneycentral.msn.com/MMC.html,MMC
finance/moneycentral.msn.com/MSO.html,MSO
finance/moneycentral.msn.com/MAS.html,MAS
finance/moneycentral.msn.com/MAT.html,MAT
finance/moneycentral.msn.com/MXIM.html,MXIM
finance/moneycentral.msn.com/MAY.html,MAY
finance/moneycentral.msn.com/MYG.html,MYG
finance/moneycentral.msn.com/MBI.html,MBI
finance/moneycentral.msn.com/KRB.html,KRB
finance/moneycentral.msn.com/MDR.html,MDR
finance/moneycentral.msn.com/MCD.html,MCD
finance/moneycentral.msn.com/MHP.html,MHP
finance/moneycentral.msn.com/MCK.html,MCK
finance/moneycentral.msn.com/MEDX.html,MEDX
finance/moneycentral.msn.com/MDT.html,MDT
finance/moneycentral.msn.com/MRK.html,MRK
finance/moneycentral.msn.com/MDP.html,MDP
finance/moneycentral.msn.com/MET.html,MET
finance/moneycentral.msn.com/MGM.html,MGM
finance/moneycentral.msn.com/MTG.html,MTG
finance/moneycentral.msn.com/MGG.html,MGG
finance/moneycentral.msn.com/MU.html,MU
finance/moneycentral.msn.com/MSFT.html,MSFT
finance/moneycentral.msn.com/MSTR.html,MSTR
finance/moneycentral.msn.com/MIL.html,MIL
finance/moneycentral.msn.com/MMM.html,MMM
finance/moneycentral.msn.com/MOLX.html,MOLX
finance/moneycentral.msn.com/JPM.html,JPM
finance/moneycentral.msn.com/MOT.html,MOT
finance/moneycentral.msn.com/MYGN.html,MYGN
finance/moneycentral.msn.com/NSM.html,NSM
finance/moneycentral.msn.com/NAV.html,NAV
finance/moneycentral.msn.com/NCR.html,NCR
finance/moneycentral.msn.com/NTAP.html,NTAP
finance/moneycentral.msn.com/NYT.html,NYT
finance/moneycentral.msn.com/NWL.html,NWL
finance/moneycentral.msn.com/NEM.html,NEM
finance/moneycentral.msn.com/NEWP.html,NEWP
finance/moneycentral.msn.com/GAS.html,GAS
finance/moneycentral.msn.com/NKE.html,NKE
finance/moneycentral.msn.com/NOK.html,NOK
finance/moneycentral.msn.com/JWN.html,JWN
finance/moneycentral.msn.com/NSC.html,NSC
finance/moneycentral.msn.com/NTRS.html,NTRS
finance/moneycentral.msn.com/NOC.html,NOC
finance/moneycentral.msn.com/NOVL.html,NOVL
finance/moneycentral.msn.com/NVLS.html,NVLS
finance/moneycentral.msn.com/NUE.html,NUE
finance/moneycentral.msn.com/NVDA.html,NVDA
finance/moneycentral.msn.com/OXY.html,OXY
finance/moneycentral.msn.com/ODP.html,ODP
finance/moneycentral.msn.com/OMC.html,OMC
finance/moneycentral.msn.com/OKE.html,OKE
finance/moneycentral.msn.com/ONVI.html,ONVI
finance/moneycentral.msn.com/ORCL.html,ORCL
finance/moneycentral.msn.com/OSIS.html,OSIS
finance/moneycentral.msn.com/OI.html,OI
finance/moneycentral.msn.com/PCAR.html,PCAR
finance/moneycentral.msn.com/PSUN.html,PSUN
finance/moneycentral.msn.com/PTV.html,PTV
finance/moneycentral.msn.com/PLL.html,PLL
finance/moneycentral.msn.com/PZZA.html,PZZA
finance/moneycentral.msn.com/PMTC.html,PMTC
finance/moneycentral.msn.com/PH.html,PH
finance/moneycentral.msn.com/PAYX.html,PAYX
finance/moneycentral.msn.com/PSS.html,PSS
finance/moneycentral.msn.com/CRA.html,CRA
finance/moneycentral.msn.com/JCP.html,JCP
finance/moneycentral.msn.com/PSFT.html,PSFT
finance/moneycentral.msn.com/PBY.html,PBY
finance/moneycentral.msn.com/PBG.html,PBG
finance/moneycentral.msn.com/PEP.html,PEP
finance/moneycentral.msn.com/PKI.html,PKI
finance/moneycentral.msn.com/PFE.html,PFE
finance/moneycentral.msn.com/PCG.html,PCG
finance/moneycentral.msn.com/MO.html,MO
finance/moneycentral.msn.com/PHG.html,PHG
finance/moneycentral.msn.com/PNW.html,PNW
finance/moneycentral.msn.com/PBI.html,PBI
finance/moneycentral.msn.com/PLUG.html,PLUG
finance/moneycentral.msn.com/PMCS.html,PMCS
finance/moneycentral.msn.com/PNC.html,PNC
finance/moneycentral.msn.com/RL.html,RL
finance/moneycentral.msn.com/PCH.html,PCH
finance/moneycentral.msn.com/PWAV.html,PWAV
finance/moneycentral.msn.com/PPG.html,PPG
finance/moneycentral.msn.com/PPL.html,PPL
finance/moneycentral.msn.com/PX.html,PX
finance/moneycentral.msn.com/PCLN.html,PCLN
finance/moneycentral.msn.com/PG.html,PG
finance/moneycentral.msn.com/PGR.html,PGR
finance/moneycentral.msn.com/PDLI.html,PDLI
finance/moneycentral.msn.com/PEG.html,PEG
finance/moneycentral.msn.com/PHM.html,PHM
finance/moneycentral.msn.com/QLGC.html,QLGC
finance/moneycentral.msn.com/QLTI.html,QLTI
finance/moneycentral.msn.com/QCOM.html,QCOM
finance/moneycentral.msn.com/QSFT.html,QSFT
finance/moneycentral.msn.com/ZQK.html,ZQK
finance/moneycentral.msn.com/RSH.html,RSH
finance/moneycentral.msn.com/RMBS.html,RMBS
finance/moneycentral.msn.com/RTN.html,RTN
finance/moneycentral.msn.com/REGN.html,REGN
finance/moneycentral.msn.com/RIMM.html,RIMM
finance/moneycentral.msn.com/RMD.html,RMD
finance/moneycentral.msn.com/RFMD.html,RFMD
finance/moneycentral.msn.com/ROK.html,ROK
finance/moneycentral.msn.com/ROH.html,ROH
finance/moneycentral.msn.com/RDC.html,RDC
finance/moneycentral.msn.com/R.html,R
finance/moneycentral.msn.com/SWY.html,SWY
finance/moneycentral.msn.com/SLAB.html,SLAB
finance/moneycentral.msn.com/SNDK.html,SNDK
finance/moneycentral.msn.com/SANM.html,SANM
finance/moneycentral.msn.com/SAPE.html,SAPE
finance/moneycentral.msn.com/SLE.html,SLE
finance/moneycentral.msn.com/SBC.html,SBC
finance/moneycentral.msn.com/SGP.html,SGP
finance/moneycentral.msn.com/SLB.html,SLB
finance/moneycentral.msn.com/SEE.html,SEE
finance/moneycentral.msn.com/S.html,S
finance/moneycentral.msn.com/SRE.html,SRE
finance/moneycentral.msn.com/SHW.html,SHW
finance/moneycentral.msn.com/SIAL.html,SIAL
finance/moneycentral.msn.com/SKX.html,SKX
finance/moneycentral.msn.com/SLM.html,SLM
finance/moneycentral.msn.com/SNA.html,SNA
finance/moneycentral.msn.com/SNE.html,SNE
finance/moneycentral.msn.com/SO.html,SO
finance/moneycentral.msn.com/LUV.html,LUV
finance/moneycentral.msn.com/STJ.html,STJ
finance/moneycentral.msn.com/SWK.html,SWK
finance/moneycentral.msn.com/SPLS.html,SPLS
finance/moneycentral.msn.com/SBUX.html,SBUX
finance/moneycentral.msn.com/STT.html,STT
finance/moneycentral.msn.com/SUN.html,SUN
finance/moneycentral.msn.com/STI.html,STI
finance/moneycentral.msn.com/SVU.html,SVU
finance/moneycentral.msn.com/SNV.html,SNV
finance/moneycentral.msn.com/SYY.html,SYY
finance/moneycentral.msn.com/TROW.html,TROW
finance/moneycentral.msn.com/TGT.html,TGT
finance/moneycentral.msn.com/TLAB.html,TLAB
finance/moneycentral.msn.com/TIN.html,TIN
finance/moneycentral.msn.com/THC.html,THC
finance/moneycentral.msn.com/TER.html,TER
finance/moneycentral.msn.com/TXN.html,TXN
finance/moneycentral.msn.com/TXT.html,TXT
finance/moneycentral.msn.com/LTD.html,LTD
finance/moneycentral.msn.com/TMO.html,TMO
finance/moneycentral.msn.com/TNB.html,TNB
finance/moneycentral.msn.com/TIBX.html,TIBX
finance/moneycentral.msn.com/TIF.html,TIF
finance/moneycentral.msn.com/TBL.html,TBL
finance/moneycentral.msn.com/TKR.html,TKR
finance/moneycentral.msn.com/TJX.html,TJX
finance/moneycentral.msn.com/TMK.html,TMK
finance/moneycentral.msn.com/TM.html,TM
finance/moneycentral.msn.com/RIG.html,RIG
finance/moneycentral.msn.com/TRB.html,TRB
finance/moneycentral.msn.com/YUM.html,YUM
finance/moneycentral.msn.com/TUP.html,TUP
finance/moneycentral.msn.com/TXU.html,TXU
finance/moneycentral.msn.com/TYC.html,TYC
finance/moneycentral.msn.com/USB.html,USB
finance/moneycentral.msn.com/UN.html,UN
finance/moneycentral.msn.com/UNP.html,UNP
finance/moneycentral.msn.com/UIS.html,UIS
finance/moneycentral.msn.com/UPS.html,UPS
finance/moneycentral.msn.com/USM.html,USM
finance/moneycentral.msn.com/UTX.html,UTX
finance/moneycentral.msn.com/UNH.html,UNH
finance/moneycentral.msn.com/UVV.html,UVV
finance/moneycentral.msn.com/UCL.html,UCL
finance/moneycentral.msn.com/UNM.html,UNM
finance/moneycentral.msn.com/MRO.html,MRO
finance/moneycentral.msn.com/X.html,X
finance/moneycentral.msn.com/UTSI.html,UTSI
finance/moneycentral.msn.com/VRSN.html,VRSN
finance/moneycentral.msn.com/VZ.html,VZ
finance/moneycentral.msn.com/VRTS.html,VRTS
finance/moneycentral.msn.com/VFC.html,VFC
finance/moneycentral.msn.com/VIA.html,VIA
finance/moneycentral.msn.com/VOD.html,VOD
finance/moneycentral.msn.com/VMC.html,VMC
finance/moneycentral.msn.com/WAG.html,WAG
finance/moneycentral.msn.com/WMT.html,WMT
finance/moneycentral.msn.com/WMI.html,WMI
finance/moneycentral.msn.com/WPI.html,WPI
finance/moneycentral.msn.com/WLP.html,WLP
finance/moneycentral.msn.com/WFC.html,WFC
finance/moneycentral.msn.com/WEN.html,WEN
finance/moneycentral.msn.com/WY.html,WY
finance/moneycentral.msn.com/WHR.html,WHR
finance/moneycentral.msn.com/WMB.html,WMB
finance/moneycentral.msn.com/WOR.html,WOR
finance/moneycentral.msn.com/WWE.html,WWE
finance/moneycentral.msn.com/XRX.html,XRX
finance/moneycentral.msn.com/XLNX.html,XLNX
finance/moneycentral.msn.com/YHOO.html,YHOO
finance/moneycentral.msn.com/ZIGO.html,ZIGO
