url,entityID
finance/www.marketocracy.com/COMS.html,COMS
finance/www.marketocracy.com/KDE.html,KDE
finance/www.marketocracy.com/ABT.html,ABT
finance/www.marketocracy.com/ANF.html,ANF
finance/www.marketocracy.com/ADPT.html,ADPT
finance/www.marketocracy.com/ADBE.html,ADBE
finance/www.marketocracy.com/ADIC.html,ADIC
finance/www.marketocracy.com/AMD.html,AMD
finance/www.marketocracy.com/ADVS.html,ADVS
finance/www.marketocracy.com/AES.html,AES
finance/www.marketocracy.com/AET.html,AET
finance/www.marketocracy.com/AFFX.html,AFFX
finance/www.marketocracy.com/AFL.html,AFL
finance/www.marketocracy.com/A.html,A
finance/www.marketocracy.com/APD.html,APD
finance/www.marketocracy.com/AKAM.html,AKAM
finance/www.marketocracy.com/ACV.html,ACV
finance/www.marketocracy.com/AL.html,AL
finance/www.marketocracy.com/AA.html,AA
finance/www.marketocracy.com/ATI.html,ATI
finance/www.marketocracy.com/AGN.html,AGN
finance/www.marketocracy.com/AW.html,AW
finance/www.marketocracy.com/ALL.html,ALL
finance/www.marketocracy.com/AT.html,AT
finance/www.marketocracy.com/ALTR.html,ALTR
finance/www.marketocracy.com/AMZN.html,AMZN
finance/www.marketocracy.com/AEP.html,AEP
finance/www.marketocracy.com/AM.html,AM
finance/www.marketocracy.com/AIG.html,AIG
finance/www.marketocracy.com/APCC.html,APCC
finance/www.marketocracy.com/AHC.html,AHC
finance/www.marketocracy.com/AEE.html,AEE
finance/www.marketocracy.com/AEOS.html,AEOS
finance/www.marketocracy.com/AXP.html,AXP
finance/www.marketocracy.com/AMTD.html,AMTD
finance/www.marketocracy.com/AMGN.html,AMGN
finance/www.marketocracy.com/AMR.html,AMR
finance/www.marketocracy.com/ASO.html,ASO
finance/www.marketocracy.com/APC.html,APC
finance/www.marketocracy.com/ADI.html,ADI
finance/www.marketocracy.com/ANDW.html,ANDW
finance/www.marketocracy.com/ADRX.html,ADRX
finance/www.marketocracy.com/BUD.html,BUD
finance/www.marketocracy.com/TWX.html,TWX
finance/www.marketocracy.com/AOC.html,AOC
finance/www.marketocracy.com/APA.html,APA
finance/www.marketocracy.com/AAPL.html,AAPL
finance/www.marketocracy.com/AMAT.html,AMAT
finance/www.marketocracy.com/AMCC.html,AMCC
finance/www.marketocracy.com/ADM.html,ADM
finance/www.marketocracy.com/ARIA.html,ARIA
finance/www.marketocracy.com/ARBA.html,ARBA
finance/www.marketocracy.com/ARW.html,ARW
finance/www.marketocracy.com/ASH.html,ASH
finance/www.marketocracy.com/T.html,T
finance/www.marketocracy.com/AWE.html,AWE
finance/www.marketocracy.com/ADSK.html,ADSK
finance/www.marketocracy.com/ADP.html,ADP
finance/www.marketocracy.com/AZO.html,AZO
finance/www.marketocracy.com/AVY.html,AVY
finance/www.marketocracy.com/AVA.html,AVA
finance/www.marketocracy.com/AVP.html,AVP
finance/www.marketocracy.com/BHI.html,BHI
finance/www.marketocracy.com/BLL.html,BLL
finance/www.marketocracy.com/BAC.html,BAC
finance/www.marketocracy.com/BK.html,BK
finance/www.marketocracy.com/BCR.html,BCR
finance/www.marketocracy.com/BKS.html,BKS
finance/www.marketocracy.com/ABX.html,ABX
finance/www.marketocracy.com/BAX.html,BAX
finance/www.marketocracy.com/BBT.html,BBT
finance/www.marketocracy.com/BCE.html,BCE
finance/www.marketocracy.com/BEAS.html,BEAS
finance/www.marketocracy.com/BSC.html,BSC
finance/www.marketocracy.com/BDX.html,BDX
finance/www.marketocracy.com/BBBY.html,BBBY
finance/www.marketocracy.com/BLS.html,BLS
finance/www.marketocracy.com/BMS.html,BMS
finance/www.marketocracy.com/BBY.html,BBY
finance/www.marketocracy.com/BBH.html,BBH
finance/www.marketocracy.com/BDK.html,BDK
finance/www.marketocracy.com/HRB.html,HRB
finance/www.marketocracy.com/BBI.html,BBI
finance/www.marketocracy.com/BMC.html,BMC
finance/www.marketocracy.com/BA.html,BA
finance/www.marketocracy.com/BCC.html,BCC
finance/www.marketocracy.com/BSX.html,BSX
finance/www.marketocracy.com/BP.html,BP
finance/www.marketocracy.com/BGG.html,BGG
finance/www.marketocracy.com/BMY.html,BMY
finance/www.marketocracy.com/BSY.html,BSY
finance/www.marketocracy.com/BTY.html,BTY
finance/www.marketocracy.com/BRCM.html,BRCM
finance/www.marketocracy.com/BRCD.html,BRCD
finance/www.marketocracy.com/BC.html,BC
finance/www.marketocracy.com/BNI.html,BNI
finance/www.marketocracy.com/BR.html,BR
finance/www.marketocracy.com/CPN.html,CPN
finance/www.marketocracy.com/CPB.html,CPB
finance/www.marketocracy.com/COF.html,COF
finance/www.marketocracy.com/CAH.html,CAH
finance/www.marketocracy.com/CCL.html,CCL
finance/www.marketocracy.com/CAT.html,CAT
finance/www.marketocracy.com/CRA.html,CRA
finance/www.marketocracy.com/CELG.html,CELG
finance/www.marketocracy.com/CD.html,CD
finance/www.marketocracy.com/CTX.html,CTX
finance/www.marketocracy.com/CTL.html,CTL
finance/www.marketocracy.com/CEN.html,CEN
finance/www.marketocracy.com/CF.html,CF
finance/www.marketocracy.com/CHKP.html,CHKP
finance/www.marketocracy.com/CVX.html,CVX
finance/www.marketocracy.com/CHL.html,CHL
finance/www.marketocracy.com/CHINA.html,CHINA
finance/www.marketocracy.com/CHIR.html,CHIR
finance/www.marketocracy.com/CB.html,CB
finance/www.marketocracy.com/CI.html,CI
finance/www.marketocracy.com/CINF.html,CINF
finance/www.marketocracy.com/CIN.html,CIN
finance/www.marketocracy.com/CC.html,CC
finance/www.marketocracy.com/CSCO.html,CSCO
finance/www.marketocracy.com/C.html,C
finance/www.marketocracy.com/CTXS.html,CTXS
finance/www.marketocracy.com/CCU.html,CCU
finance/www.marketocracy.com/CLX.html,CLX
finance/www.marketocracy.com/CMGI.html,CMGI
finance/www.marketocracy.com/CMS.html,CMS
finance/www.marketocracy.com/CNET.html,CNET
finance/www.marketocracy.com/COKE.html,COKE
finance/www.marketocracy.com/KO.html,KO
finance/www.marketocracy.com/CCE.html,CCE
finance/www.marketocracy.com/CL.html,CL
finance/www.marketocracy.com/CMCSK.html,CMCSK
finance/www.marketocracy.com/CMA.html,CMA
finance/www.marketocracy.com/CMRC.html,CMRC
finance/www.marketocracy.com/CA.html,CA
finance/www.marketocracy.com/CSC.html,CSC
finance/www.marketocracy.com/CPWR.html,CPWR
finance/www.marketocracy.com/CMVT.html,CMVT
finance/www.marketocracy.com/CAG.html,CAG
finance/www.marketocracy.com/ED.html,ED
finance/www.marketocracy.com/CEG.html,CEG
finance/www.marketocracy.com/CAL.html,CAL
finance/www.marketocracy.com/CVG.html,CVG
finance/www.marketocracy.com/CBE.html,CBE
finance/www.marketocracy.com/CTB.html,CTB
finance/www.marketocracy.com/GLW.html,GLW
finance/www.marketocracy.com/COST.html,COST
finance/www.marketocracy.com/COX.html,COX
finance/www.marketocracy.com/CR.html,CR
finance/www.marketocracy.com/CREE.html,CREE
finance/www.marketocracy.com/CCK.html,CCK
finance/www.marketocracy.com/CSX.html,CSX
finance/www.marketocracy.com/CRGN.html,CRGN
finance/www.marketocracy.com/CVS.html,CVS
finance/www.marketocracy.com/CYTO.html,CYTO
finance/www.marketocracy.com/DCX.html,DCX
finance/www.marketocracy.com/DCN.html,DCN
finance/www.marketocracy.com/DHR.html,DHR
finance/www.marketocracy.com/DRI.html,DRI
finance/www.marketocracy.com/DE.html,DE
finance/www.marketocracy.com/DELL.html,DELL
finance/www.marketocracy.com/DAL.html,DAL
finance/www.marketocracy.com/DEL.html,DEL
finance/www.marketocracy.com/DLX.html,DLX
finance/www.marketocracy.com/DIA.html,DIA
finance/www.marketocracy.com/DDS.html,DDS
finance/www.marketocracy.com/DIS.html,DIS
finance/www.marketocracy.com/DVSA.html,DVSA
finance/www.marketocracy.com/DLTR.html,DLTR
finance/www.marketocracy.com/D.html,D
finance/www.marketocracy.com/DOV.html,DOV
finance/www.marketocracy.com/DOW.html,DOW
finance/www.marketocracy.com/DJ.html,DJ
finance/www.marketocracy.com/DTE.html,DTE
finance/www.marketocracy.com/DUK.html,DUK
finance/www.marketocracy.com/DNB.html,DNB
finance/www.marketocracy.com/DD.html,DD
finance/www.marketocracy.com/ELNK.html,ELNK
finance/www.marketocracy.com/EMN.html,EMN
finance/www.marketocracy.com/EK.html,EK
finance/www.marketocracy.com/ETN.html,ETN
finance/www.marketocracy.com/EBAY.html,EBAY
finance/www.marketocracy.com/ELON.html,ELON
finance/www.marketocracy.com/DISH.html,DISH
finance/www.marketocracy.com/ECL.html,ECL
finance/www.marketocracy.com/EIX.html,EIX
finance/www.marketocracy.com/ERTS.html,ERTS
finance/www.marketocracy.com/EDS.html,EDS
finance/www.marketocracy.com/EMC.html,EMC
finance/www.marketocracy.com/EMR.html,EMR
finance/www.marketocracy.com/EC.html,EC
finance/www.marketocracy.com/ETR.html,ETR
finance/www.marketocracy.com/ENZ.html,ENZ
finance/www.marketocracy.com/EFX.html,EFX
finance/www.marketocracy.com/XOM.html,XOM
finance/www.marketocracy.com/FRE.html,FRE
finance/www.marketocracy.com/FNM.html,FNM
finance/www.marketocracy.com/FDX.html,FDX
finance/www.marketocracy.com/FITB.html,FITB
finance/www.marketocracy.com/FDC.html,FDC
finance/www.marketocracy.com/FE.html,FE
finance/www.marketocracy.com/FLEX.html,FLEX
finance/www.marketocracy.com/FLR.html,FLR
finance/www.marketocracy.com/FMC.html,FMC
finance/www.marketocracy.com/F.html,F
finance/www.marketocracy.com/FO.html,FO
finance/www.marketocracy.com/FOSL.html,FOSL
finance/www.marketocracy.com/FDRY.html,FDRY
finance/www.marketocracy.com/FPL.html,FPL
finance/www.marketocracy.com/BEN.html,BEN
finance/www.marketocracy.com/FCX.html,FCX
finance/www.marketocracy.com/FCEL.html,FCEL
finance/www.marketocracy.com/GCI.html,GCI
finance/www.marketocracy.com/GPS.html,GPS
finance/www.marketocracy.com/GTW.html,GTW
finance/www.marketocracy.com/DNA.html,DNA
finance/www.marketocracy.com/GM.html,GM
finance/www.marketocracy.com/GD.html,GD
finance/www.marketocracy.com/GE.html,GE
finance/www.marketocracy.com/GIS.html,GIS
finance/www.marketocracy.com/OSCI.html,OSCI
finance/www.marketocracy.com/GPC.html,GPC
finance/www.marketocracy.com/GP.html,GP
finance/www.marketocracy.com/G.html,G
finance/www.marketocracy.com/GR.html,GR
finance/www.marketocracy.com/GT.html,GT
finance/www.marketocracy.com/GOOG.html,GOOG
finance/www.marketocracy.com/GRA.html,GRA
finance/www.marketocracy.com/GWW.html,GWW
finance/www.marketocracy.com/GAP.html,GAP
finance/www.marketocracy.com/GLK.html,GLK
finance/www.marketocracy.com/GES.html,GES
finance/www.marketocracy.com/GDT.html,GDT
finance/www.marketocracy.com/HAL.html,HAL
finance/www.marketocracy.com/HET.html,HET
finance/www.marketocracy.com/HIG.html,HIG
finance/www.marketocracy.com/HAS.html,HAS
finance/www.marketocracy.com/HLTH.html,HLTH
finance/www.marketocracy.com/HNZ.html,HNZ
finance/www.marketocracy.com/HELX.html,HELX
finance/www.marketocracy.com/HP.html,HP
finance/www.marketocracy.com/HPC.html,HPC
finance/www.marketocracy.com/HSY.html,HSY
finance/www.marketocracy.com/HLT.html,HLT
finance/www.marketocracy.com/HD.html,HD
finance/www.marketocracy.com/HMC.html,HMC
finance/www.marketocracy.com/HON.html,HON
finance/www.marketocracy.com/HOTT.html,HOTT
finance/www.marketocracy.com/HGSI.html,HGSI
finance/www.marketocracy.com/HUM.html,HUM
finance/www.marketocracy.com/HBAN.html,HBAN
finance/www.marketocracy.com/ITW.html,ITW
finance/www.marketocracy.com/RX.html,RX
finance/www.marketocracy.com/N.html,N
finance/www.marketocracy.com/INCY.html,INCY
finance/www.marketocracy.com/INSP.html,INSP
finance/www.marketocracy.com/INFY.html,INFY
finance/www.marketocracy.com/IR.html,IR
finance/www.marketocracy.com/INTC.html,INTC
finance/www.marketocracy.com/ICGE.html,ICGE
finance/www.marketocracy.com/IPG.html,IPG
finance/www.marketocracy.com/ISIL.html,ISIL
finance/www.marketocracy.com/IBM.html,IBM
finance/www.marketocracy.com/IFF.html,IFF
finance/www.marketocracy.com/IP.html,IP
finance/www.marketocracy.com/INTU.html,INTU
finance/www.marketocracy.com/ITT.html,ITT
finance/www.marketocracy.com/JBL.html,JBL
finance/www.marketocracy.com/JKHY.html,JKHY
finance/www.marketocracy.com/JBX.html,JBX
finance/www.marketocracy.com/JNJ.html,JNJ
finance/www.marketocracy.com/JCI.html,JCI
finance/www.marketocracy.com/JNPR.html,JNPR
finance/www.marketocracy.com/KBH.html,KBH
finance/www.marketocracy.com/KEI.html,KEI
finance/www.marketocracy.com/K.html,K
finance/www.marketocracy.com/KMG.html,KMG
finance/www.marketocracy.com/KEY.html,KEY
finance/www.marketocracy.com/KEYN.html,KEYN
finance/www.marketocracy.com/KMB.html,KMB
finance/www.marketocracy.com/KLAC.html,KLAC
finance/www.marketocracy.com/KSS.html,KSS
finance/www.marketocracy.com/KKD.html,KKD
finance/www.marketocracy.com/KR.html,KR
finance/www.marketocracy.com/KSWS.html,KSWS
finance/www.marketocracy.com/KYO.html,KYO
finance/www.marketocracy.com/LRCX.html,LRCX
finance/www.marketocracy.com/LEG.html,LEG
finance/www.marketocracy.com/LEH.html,LEH
finance/www.marketocracy.com/LXK.html,LXK
finance/www.marketocracy.com/LLY.html,LLY
finance/www.marketocracy.com/LNC.html,LNC
finance/www.marketocracy.com/LLTC.html,LLTC
finance/www.marketocracy.com/LIZ.html,LIZ
finance/www.marketocracy.com/LMT.html,LMT
finance/www.marketocracy.com/LTR.html,LTR
finance/www.marketocracy.com/LDG.html,LDG
finance/www.marketocracy.com/LPX.html,LPX
finance/www.marketocracy.com/LOW.html,LOW
finance/www.marketocracy.com/MAR.html,MAR
finance/www.marketocracy.com/MMC.html,MMC
finance/www.marketocracy.com/MSO.html,MSO
finance/www.marketocracy.com/MAS.html,MAS
finance/www.marketocracy.com/MAT.html,MAT
finance/www.marketocracy.com/MXIM.html,MXIM
finance/www.marketocracy.com/MAY.html,MAY
finance/www.marketocracy.com/MYG.html,MYG
finance/www.marketocracy.com/MBI.html,MBI
finance/www.marketocracy.com/KRB.html,KRB
finance/www.marketocracy.com/MDR.html,MDR
finance/www.marketocracy.com/MCD.html,MCD
finance/www.marketocracy.com/MHP.html,MHP
finance/www.marketocracy.com/MCK.html,MCK
finance/www.marketocracy.com/MEDX.html,MEDX
finance/www.marketocracy.com/MDT.html,MDT
finance/www.marketocracy.com/MRK.html,MRK
finance/www.marketocracy.com/MERQ.html,MERQ
finance/www.marketocracy.com/MDP.html,MDP
finance/www.marketocracy.com/MER.html,MER
finance/www.marketocracy.com/MET.html,MET
finance/www.marketocracy.com/MGM.html,MGM
finance/www.marketocracy.com/MTG.html,MTG
finance/www.marketocracy.com/MGG.html,MGG
finance/www.marketocracy.com/MU.html,MU
finance/www.marketocracy.com/MSFT.html,MSFT
finance/www.marketocracy.com/MSTR.html,MSTR
finance/www.marketocracy.com/MLNM.html,MLNM
finance/www.marketocracy.com/MIL.html,MIL
finance/www.marketocracy.com/MMM.html,MMM
finance/www.marketocracy.com/MOLX.html,MOLX
finance/www.marketocracy.com/JPM.html,JPM
finance/www.marketocracy.com/MOT.html,MOT
finance/www.marketocracy.com/MYGN.html,MYGN
finance/www.marketocracy.com/QQQ.html,QQQ
finance/www.marketocracy.com/NCC.html,NCC
finance/www.marketocracy.com/NSM.html,NSM
finance/www.marketocracy.com/NAV.html,NAV
finance/www.marketocracy.com/NCR.html,NCR
finance/www.marketocracy.com/NTAP.html,NTAP
finance/www.marketocracy.com/NYT.html,NYT
finance/www.marketocracy.com/NWL.html,NWL
finance/www.marketocracy.com/NEM.html,NEM
finance/www.marketocracy.com/NEWP.html,NEWP
finance/www.marketocracy.com/NXTL.html,NXTL
finance/www.marketocracy.com/NXTP.html,NXTP
finance/www.marketocracy.com/GAS.html,GAS
finance/www.marketocracy.com/NKE.html,NKE
finance/www.marketocracy.com/NIKU.html,NIKU
finance/www.marketocracy.com/NOK.html,NOK
finance/www.marketocracy.com/JWN.html,JWN
finance/www.marketocracy.com/NSC.html,NSC
finance/www.marketocracy.com/NTRS.html,NTRS
finance/www.marketocracy.com/NOC.html,NOC
finance/www.marketocracy.com/NOVL.html,NOVL
finance/www.marketocracy.com/NVLS.html,NVLS
finance/www.marketocracy.com/NUE.html,NUE
finance/www.marketocracy.com/NVDA.html,NVDA
finance/www.marketocracy.com/OXY.html,OXY
finance/www.marketocracy.com/ODP.html,ODP
finance/www.marketocracy.com/OMC.html,OMC
finance/www.marketocracy.com/OKE.html,OKE
finance/www.marketocracy.com/ONVI.html,ONVI
finance/www.marketocracy.com/ORCL.html,ORCL
finance/www.marketocracy.com/OSIS.html,OSIS
finance/www.marketocracy.com/OI.html,OI
finance/www.marketocracy.com/PCAR.html,PCAR
finance/www.marketocracy.com/PSUN.html,PSUN
finance/www.marketocracy.com/PTV.html,PTV
finance/www.marketocracy.com/PLL.html,PLL
finance/www.marketocracy.com/PZZA.html,PZZA
finance/www.marketocracy.com/PMTC.html,PMTC
finance/www.marketocracy.com/PH.html,PH
finance/www.marketocracy.com/PAYX.html,PAYX
finance/www.marketocracy.com/PSS.html,PSS
finance/www.marketocracy.com/CRA.html,CRA
finance/www.marketocracy.com/JCP.html,JCP
finance/www.marketocracy.com/PSFT.html,PSFT
finance/www.marketocracy.com/PBY.html,PBY
finance/www.marketocracy.com/PBG.html,PBG
finance/www.marketocracy.com/PEP.html,PEP
finance/www.marketocracy.com/PKI.html,PKI
finance/www.marketocracy.com/PFE.html,PFE
finance/www.marketocracy.com/PCG.html,PCG
finance/www.marketocracy.com/PD.html,PD
finance/www.marketocracy.com/MO.html,MO
finance/www.marketocracy.com/PHG.html,PHG
finance/www.marketocracy.com/PNW.html,PNW
finance/www.marketocracy.com/PBI.html,PBI
finance/www.marketocracy.com/PLUG.html,PLUG
finance/www.marketocracy.com/PMCS.html,PMCS
finance/www.marketocracy.com/PNC.html,PNC
finance/www.marketocracy.com/RL.html,RL
finance/www.marketocracy.com/PCH.html,PCH
finance/www.marketocracy.com/PWAV.html,PWAV
finance/www.marketocracy.com/PPG.html,PPG
finance/www.marketocracy.com/PPL.html,PPL
finance/www.marketocracy.com/PX.html,PX
finance/www.marketocracy.com/PCLN.html,PCLN
finance/www.marketocracy.com/PG.html,PG
finance/www.marketocracy.com/PGR.html,PGR
finance/www.marketocracy.com/PDLI.html,PDLI
finance/www.marketocracy.com/PEG.html,PEG
finance/www.marketocracy.com/PHM.html,PHM
finance/www.marketocracy.com/QLGC.html,QLGC
finance/www.marketocracy.com/QLTI.html,QLTI
finance/www.marketocracy.com/QCOM.html,QCOM
finance/www.marketocracy.com/QSFT.html,QSFT
finance/www.marketocracy.com/ZQK.html,ZQK
finance/www.marketocracy.com/RSH.html,RSH
finance/www.marketocracy.com/RMBS.html,RMBS
finance/www.marketocracy.com/RTN.html,RTN
finance/www.marketocracy.com/REGN.html,REGN
finance/www.marketocracy.com/RIMM.html,RIMM
finance/www.marketocracy.com/RMD.html,RMD
finance/www.marketocracy.com/RFMD.html,RFMD
finance/www.marketocracy.com/ROK.html,ROK
finance/www.marketocracy.com/ROH.html,ROH
finance/www.marketocracy.com/RDC.html,RDC
finance/www.marketocracy.com/RML.html,RML
finance/www.marketocracy.com/R.html,R
finance/www.marketocracy.com/SAFC.html,SAFC
finance/www.marketocracy.com/SWY.html,SWY
finance/www.marketocracy.com/SLAB.html,SLAB
finance/www.marketocracy.com/SNDK.html,SNDK
finance/www.marketocracy.com/SANM.html,SANM
finance/www.marketocracy.com/SAPE.html,SAPE
finance/www.marketocracy.com/SLE.html,SLE
finance/www.marketocracy.com/SBC.html,SBC
finance/www.marketocracy.com/SGP.html,SGP
finance/www.marketocracy.com/SLB.html,SLB
finance/www.marketocracy.com/SCH.html,SCH
finance/www.marketocracy.com/SFA.html,SFA
finance/www.marketocracy.com/SEE.html,SEE
finance/www.marketocracy.com/S.html,S
finance/www.marketocracy.com/SRE.html,SRE
finance/www.marketocracy.com/SC.html,SC
finance/www.marketocracy.com/SHW.html,SHW
finance/www.marketocracy.com/SEBL.html,SEBL
finance/www.marketocracy.com/SIAL.html,SIAL
finance/www.marketocracy.com/SILI.html,SILI
finance/www.marketocracy.com/SKX.html,SKX
finance/www.marketocracy.com/SLM.html,SLM
finance/www.marketocracy.com/SNA.html,SNA
finance/www.marketocracy.com/SNE.html,SNE
finance/www.marketocracy.com/SO.html,SO
finance/www.marketocracy.com/SOTR.html,SOTR
finance/www.marketocracy.com/LUV.html,LUV
finance/www.marketocracy.com/STJ.html,STJ
finance/www.marketocracy.com/SWK.html,SWK
finance/www.marketocracy.com/SPLS.html,SPLS
finance/www.marketocracy.com/SBUX.html,SBUX
finance/www.marketocracy.com/STT.html,STT
finance/www.marketocracy.com/SUN.html,SUN
finance/www.marketocracy.com/STI.html,STI
finance/www.marketocracy.com/SVU.html,SVU
finance/www.marketocracy.com/SBL.html,SBL
finance/www.marketocracy.com/SNV.html,SNV
finance/www.marketocracy.com/SYY.html,SYY
finance/www.marketocracy.com/TROW.html,TROW
finance/www.marketocracy.com/TGT.html,TGT
finance/www.marketocracy.com/TEK.html,TEK
finance/www.marketocracy.com/TLAB.html,TLAB
finance/www.marketocracy.com/TIN.html,TIN
finance/www.marketocracy.com/THC.html,THC
finance/www.marketocracy.com/TER.html,TER
finance/www.marketocracy.com/TXN.html,TXN
finance/www.marketocracy.com/TXT.html,TXT
finance/www.marketocracy.com/LTD.html,LTD
finance/www.marketocracy.com/TMO.html,TMO
finance/www.marketocracy.com/TNB.html,TNB
finance/www.marketocracy.com/TIBX.html,TIBX
finance/www.marketocracy.com/TIF.html,TIF
finance/www.marketocracy.com/TBL.html,TBL
finance/www.marketocracy.com/TKR.html,TKR
finance/www.marketocracy.com/TTN.html,TTN
finance/www.marketocracy.com/TJX.html,TJX
finance/www.marketocracy.com/TMK.html,TMK
finance/www.marketocracy.com/TM.html,TM
finance/www.marketocracy.com/RIG.html,RIG
finance/www.marketocracy.com/TRB.html,TRB
finance/www.marketocracy.com/YUM.html,YUM
finance/www.marketocracy.com/TUP.html,TUP
finance/www.marketocracy.com/TXU.html,TXU
finance/www.marketocracy.com/TYC.html,TYC
finance/www.marketocracy.com/USB.html,USB
finance/www.marketocracy.com/UN.html,UN
finance/www.marketocracy.com/UNP.html,UNP
finance/www.marketocracy.com/UIS.html,UIS
finance/www.marketocracy.com/UPS.html,UPS
finance/www.marketocracy.com/USM.html,USM
finance/www.marketocracy.com/UTX.html,UTX
finance/www.marketocracy.com/UNH.html,UNH
finance/www.marketocracy.com/UVV.html,UVV
finance/www.marketocracy.com/UVN.html,UVN
finance/www.marketocracy.com/UCL.html,UCL
finance/www.marketocracy.com/UNM.html,UNM
finance/www.marketocracy.com/UST.html,UST
finance/www.marketocracy.com/MRO.html,MRO
finance/www.marketocracy.com/X.html,X
finance/www.marketocracy.com/UTSI.html,UTSI
finance/www.marketocracy.com/VANS.html,VANS
finance/www.marketocracy.com/VRSN.html,VRSN
finance/www.marketocracy.com/VZ.html,VZ
finance/www.marketocracy.com/VRTS.html,VRTS
finance/www.marketocracy.com/VFC.html,VFC
finance/www.marketocracy.com/VIA.html,VIA
finance/www.marketocracy.com/VC.html,VC
finance/www.marketocracy.com/VOD.html,VOD
finance/www.marketocracy.com/VMC.html,VMC
finance/www.marketocracy.com/WB.html,WB
finance/www.marketocracy.com/WAG.html,WAG
finance/www.marketocracy.com/WMT.html,WMT
finance/www.marketocracy.com/WM.html,WM
finance/www.marketocracy.com/WMI.html,WMI
finance/www.marketocracy.com/WPI.html,WPI
finance/www.marketocracy.com/WLP.html,WLP
finance/www.marketocracy.com/WFC.html,WFC
finance/www.marketocracy.com/WEN.html,WEN
finance/www.marketocracy.com/WY.html,WY
finance/www.marketocracy.com/WHR.html,WHR
finance/www.marketocracy.com/WMB.html,WMB
finance/www.marketocracy.com/WOR.html,WOR
finance/www.marketocracy.com/WWY.html,WWY
finance/www.marketocracy.com/WWE.html,WWE
finance/www.marketocracy.com/XRX.html,XRX
finance/www.marketocracy.com/XLNX.html,XLNX
finance/www.marketocracy.com/YHOO.html,YHOO
finance/www.marketocracy.com/ZIGO.html,ZIGO
