url,entityID
"soccer/uk.eurosport.yahoo.com/pepe.html",Pepe
"soccer/uk.eurosport.yahoo.com/gonzalo-higuain.html",Gonzalo Higuain
"soccer/uk.eurosport.yahoo.com/alexandre-songbillong.html",Alexandre Song billong
"soccer/uk.eurosport.yahoo.com/franck-jurietti.html",Franck Jurietti
"soccer/uk.eurosport.yahoo.com/younes-kaboul.html",Younes Kaboul
"soccer/uk.eurosport.yahoo.com/benedict-mccarthy.html",Benedict Mccarthy
"soccer/uk.eurosport.yahoo.com/roman-pavlyuchenko.html",Roman Pavlyuchenko
"soccer/uk.eurosport.yahoo.com/gerard-pique.html",Gerard Pique
"soccer/uk.eurosport.yahoo.com/dickson-etuhu.html",Dickson Etuhu
"soccer/uk.eurosport.yahoo.com/paul-konchesky.html",Paul Konchesky
"soccer/uk.eurosport.yahoo.com/giorgio-chiellini.html",Giorgio Chiellini
"soccer/uk.eurosport.yahoo.com/alexandros-tziolis.html",Alexandros Tziolis
"soccer/uk.eurosport.yahoo.com/olivier-kapo.html",Olivier Kapo
"soccer/uk.eurosport.yahoo.com/marco-marchionni.html",Marco Marchionni
"soccer/uk.eurosport.yahoo.com/nicky-shorey.html",Nicky Shorey
"soccer/uk.eurosport.yahoo.com/pascal-cygan.html",Pascal Cygan
"soccer/uk.eurosport.yahoo.com/karim-benzema.html",Karim Benzema
"soccer/uk.eurosport.yahoo.com/wesley-brown.html",Wesley Brown
"soccer/uk.eurosport.yahoo.com/alan-stubbs.html",Alan Stubbs
"soccer/uk.eurosport.yahoo.com/fabrice-muamba.html",Fabrice Muamba
"soccer/uk.eurosport.yahoo.com/kevin-davies.html",Kevin Davies
"soccer/uk.eurosport.yahoo.com/didier-zokora.html",Didier Zokora
"soccer/uk.eurosport.yahoo.com/antoine-sibierski.html",Antoine Sibierski
"soccer/uk.eurosport.yahoo.com/ben-sahar.html",Ben Sahar
"soccer/uk.eurosport.yahoo.com/james-harper.html",James Harper
"soccer/uk.eurosport.yahoo.com/daniel-gygax.html",Daniel Gygax
"soccer/uk.eurosport.yahoo.com/sibusiso-zuma.html",Sibusiso Zuma
"soccer/uk.eurosport.yahoo.com/shay-given.html",Shay Given
"soccer/uk.eurosport.yahoo.com/markus-rosenberg.html",Markus Rosenberg
"soccer/uk.eurosport.yahoo.com/aaron-hunt.html",Aaron Hunt
"soccer/uk.eurosport.yahoo.com/martin-laursen.html",Martin Laursen
"soccer/uk.eurosport.yahoo.com/ashley-young.html",Ashley Young
"soccer/uk.eurosport.yahoo.com/amara-diane.html",Amara Diane
"soccer/uk.eurosport.yahoo.com/yoann-gourcuff.html",Yoann Gourcuff
"soccer/uk.eurosport.yahoo.com/william-gallas.html",William Gallas
"soccer/uk.eurosport.yahoo.com/ryan-giggs.html",Ryan Giggs
"soccer/uk.eurosport.yahoo.com/claudio-cacapa.html",Claudio Cacapa
"soccer/uk.eurosport.yahoo.com/cristianoronaldo.html",Cristiano ronaldo
"soccer/uk.eurosport.yahoo.com/andreas-isaksson.html",Andreas Isaksson
"soccer/uk.eurosport.yahoo.com/gary-neville.html",Gary Neville
"soccer/uk.eurosport.yahoo.com/wayne-bridge.html",Wayne Bridge
"soccer/uk.eurosport.yahoo.com/charles-kabore.html",Charles Kabore
"soccer/uk.eurosport.yahoo.com/wesley-sneijder.html",Wesley Sneijder
"soccer/uk.eurosport.yahoo.com/erik-edman.html",Erik Edman
"soccer/uk.eurosport.yahoo.com/francesc-fabregas.html",Francesc Fabregas
"soccer/uk.eurosport.yahoo.com/kevin-doyle.html",Kevin Doyle
"soccer/uk.eurosport.yahoo.com/vicente.html",Vicente
"soccer/uk.eurosport.yahoo.com/carlos-bocanegra.html",Carlos Bocanegra
"soccer/uk.eurosport.yahoo.com/riccardo-montolivo.html",Riccardo Montolivo
"soccer/uk.eurosport.yahoo.com/tomas-rosicky.html",Tomas Rosicky
"soccer/uk.eurosport.yahoo.com/marc-planus.html",Marc Planus
"soccer/uk.eurosport.yahoo.com/scott-sinclair.html",Scott Sinclair
"soccer/uk.eurosport.yahoo.com/daniel-cousin.html",Daniel Cousin
"soccer/uk.eurosport.yahoo.com/bastian-schweinsteiger.html",Bastian Schweinsteiger
"soccer/uk.eurosport.yahoo.com/ashley-cole.html",Ashley Cole
"soccer/uk.eurosport.yahoo.com/ian-harte.html",Ian Harte
"soccer/uk.eurosport.yahoo.com/jisung-park.html",Ji-sung Park
"soccer/uk.eurosport.yahoo.com/andy-cole.html",Andy Cole
"soccer/uk.eurosport.yahoo.com/daryl-murphy.html",Daryl Murphy
"soccer/uk.eurosport.yahoo.com/leighton-baines.html",Leighton Baines
"soccer/uk.eurosport.yahoo.com/vassirikiabou-diaby.html",Vassiriki abou Diaby
"soccer/uk.eurosport.yahoo.com/javier-mascherano.html",Javier Mascherano
"soccer/uk.eurosport.yahoo.com/antonio-chimenti.html",Antonio Chimenti
"soccer/uk.eurosport.yahoo.com/mauro-zarate.html",Mauro Zarate
"soccer/uk.eurosport.yahoo.com/patrick-vieira.html",Patrick Vieira
"soccer/uk.eurosport.yahoo.com/glen-johnson.html",Glen Johnson
"soccer/uk.eurosport.yahoo.com/steve-harper.html",Steve Harper
"soccer/uk.eurosport.yahoo.com/stilian-petrov.html",Stilian Petrov
"soccer/uk.eurosport.yahoo.com/valon-behrami.html",Valon Behrami
"soccer/uk.eurosport.yahoo.com/michael-owen.html",Michael Owen
"soccer/uk.eurosport.yahoo.com/oliver-kahn.html",Oliver Kahn
"soccer/uk.eurosport.yahoo.com/andrew-johnson.html",Andrew Johnson
"soccer/uk.eurosport.yahoo.com/michael-essien.html",Michael Essien
"soccer/uk.eurosport.yahoo.com/marlon-harewood.html",Marlon Harewood
"soccer/uk.eurosport.yahoo.com/jason-roberts.html",Jason Roberts
"soccer/uk.eurosport.yahoo.com/vitali-rodionov.html",Vitali Rodionov
"soccer/uk.eurosport.yahoo.com/martin-skrtel.html",Martin Skrtel
"soccer/uk.eurosport.yahoo.com/steven-gerrard.html",Steven Gerrard
"soccer/uk.eurosport.yahoo.com/martin-jorgensen.html",Martin Jorgensen
"soccer/uk.eurosport.yahoo.com/sebastian-larsson.html",Sebastian Larsson
"soccer/uk.eurosport.yahoo.com/mahamadou-diarra.html",Mahamadou Diarra
"soccer/uk.eurosport.yahoo.com/robbie-keane.html",Robbie Keane
"soccer/uk.eurosport.yahoo.com/michael-ball.html",Michael Ball
"soccer/uk.eurosport.yahoo.com/jrmy-toulalan.html",Jérémy Toulalan
"soccer/uk.eurosport.yahoo.com/shaun-maloney.html",Shaun Maloney
"soccer/uk.eurosport.yahoo.com/bakari-sagna.html",Bakari Sagna
"soccer/uk.eurosport.yahoo.com/fernando.html",Fernando
"soccer/uk.eurosport.yahoo.com/paul-robinson.html",Paul Robinson
"soccer/uk.eurosport.yahoo.com/roy-carroll.html",Roy Carroll
"soccer/uk.eurosport.yahoo.com/arjen-robben.html",Arjen Robben
"soccer/uk.eurosport.yahoo.com/tyrone-mears.html",Tyrone Mears
"soccer/uk.eurosport.yahoo.com/henrik-pedersen.html",Henrik Pedersen
"soccer/uk.eurosport.yahoo.com/lilian-thuram.html",Lilian Thuram
"soccer/uk.eurosport.yahoo.com/robert-pires.html",Robert Pires
"soccer/uk.eurosport.yahoo.com/stephen-ireland.html",Stephen Ireland
"soccer/uk.eurosport.yahoo.com/roy-keane.html",Roy Keane
"soccer/uk.eurosport.yahoo.com/justin-hoyte.html",Justin Hoyte
"soccer/uk.eurosport.yahoo.com/kolo-toure.html",Kolo Toure
"soccer/uk.eurosport.yahoo.com/yannick-djalo.html",Yannick Djalo
"soccer/uk.eurosport.yahoo.com/jean-makoun.html",Jean Makoun
"soccer/uk.eurosport.yahoo.com/antonio-cassano.html",Antonio Cassano
"soccer/uk.eurosport.yahoo.com/ignacio-gonzalez.html",Ignacio Gonzalez
"soccer/uk.eurosport.yahoo.com/fabricio-coloccini.html",Fabricio Coloccini
"soccer/uk.eurosport.yahoo.com/joseba-llorente.html",Joseba Llorente
"soccer/uk.eurosport.yahoo.com/micah-richards.html",Micah Richards
"soccer/uk.eurosport.yahoo.com/per-mertesacker.html",Per Mertesacker
"soccer/uk.eurosport.yahoo.com/souleymane-diawara.html",Souleymane Diawara
"soccer/uk.eurosport.yahoo.com/stewart-downing.html",Stewart Downing
"soccer/uk.eurosport.yahoo.com/miroslav-klose.html",Miroslav Klose
"soccer/uk.eurosport.yahoo.com/massimo-donati.html",Massimo Donati
"soccer/uk.eurosport.yahoo.com/kader-keita.html",Kader Keita
"soccer/uk.eurosport.yahoo.com/radek-sirl.html",Radek Sirl
"soccer/uk.eurosport.yahoo.com/francis-jeffers.html",Francis Jeffers
"soccer/uk.eurosport.yahoo.com/gareth-bale.html",Gareth Bale
"soccer/uk.eurosport.yahoo.com/vincent-candela.html",Vincent Candela
"soccer/uk.eurosport.yahoo.com/marouane-chamakh.html",Marouane Chamakh
"soccer/uk.eurosport.yahoo.com/damien-duff.html",Damien Duff
"soccer/uk.eurosport.yahoo.com/goran-pandev.html",Goran Pandev
"soccer/uk.eurosport.yahoo.com/stephen-bywater.html",Stephen Bywater
"soccer/uk.eurosport.yahoo.com/sergio-aguero.html",Sergio Aguero
"soccer/uk.eurosport.yahoo.com/samir-nasri.html",Samir Nasri
"soccer/uk.eurosport.yahoo.com/marco-cassetti.html",Marco Cassetti
"soccer/uk.eurosport.yahoo.com/robbie-fowler.html",Robbie Fowler
"soccer/uk.eurosport.yahoo.com/gretar-steinsson.html",Gretar Steinsson
"soccer/uk.eurosport.yahoo.com/alejandro-dominguez.html",Alejandro Dominguez
"soccer/uk.eurosport.yahoo.com/gabriel-obertan.html",Gabriel Obertan
"soccer/uk.eurosport.yahoo.com/eidur-gudjohnsen.html",Eidur Gudjohnsen
"soccer/uk.eurosport.yahoo.com/sheyiemmanuel-adebayor.html",Sheyi emmanuel Adebayor
"soccer/uk.eurosport.yahoo.com/michael-carrick.html",Michael Carrick
"soccer/uk.eurosport.yahoo.com/david-villa.html",David Villa
"soccer/uk.eurosport.yahoo.com/anthony-stokes.html",Anthony Stokes
"soccer/uk.eurosport.yahoo.com/simone-inzaghi.html",Simone Inzaghi
"soccer/uk.eurosport.yahoo.com/anatoliy-tymoshchuk.html",Anatoliy Tymoshchuk
"soccer/uk.eurosport.yahoo.com/joe-cole.html",Joe Cole
"soccer/uk.eurosport.yahoo.com/manuel-almunia.html",Manuel Almunia
"soccer/uk.eurosport.yahoo.com/michael-ballack.html",Michael Ballack
"soccer/uk.eurosport.yahoo.com/robinson-zapata.html",Robinson Zapata
"soccer/uk.eurosport.yahoo.com/vladimir-smicer.html",Vladimir Smicer
"soccer/uk.eurosport.yahoo.com/olano-xabialonso.html",Olano Xabi alonso
"soccer/uk.eurosport.yahoo.com/filippo-inzaghi.html",Filippo Inzaghi
"soccer/uk.eurosport.yahoo.com/eric-addo.html",Eric Addo
"soccer/uk.eurosport.yahoo.com/owen-hargreaves.html",Owen Hargreaves
"soccer/uk.eurosport.yahoo.com/lee-carsley.html",Lee Carsley
"soccer/uk.eurosport.yahoo.com/peter-halmosi.html",Peter Halmosi
"soccer/uk.eurosport.yahoo.com/zinedine-zidane.html",Zinedine Zidane
"soccer/uk.eurosport.yahoo.com/david-nugent.html",David Nugent
"soccer/uk.eurosport.yahoo.com/giles-barnes.html",Giles Barnes
"soccer/uk.eurosport.yahoo.com/john-carew.html",John Carew
"soccer/uk.eurosport.yahoo.com/jermaine-jenas.html",Jermaine Jenas
"soccer/uk.eurosport.yahoo.com/mamadou-niang.html",Mamadou Niang
"soccer/uk.eurosport.yahoo.com/otman-bakkal.html",Otman Bakkal
"soccer/uk.eurosport.yahoo.com/brad-friedel.html",Brad Friedel
"soccer/uk.eurosport.yahoo.com/diegocapel.html",Diego capel
"soccer/uk.eurosport.yahoo.com/lee-bowyer.html",Lee Bowyer
"soccer/uk.eurosport.yahoo.com/stephen-warnock.html",Stephen Warnock
"soccer/uk.eurosport.yahoo.com/kenny-miller.html",Kenny Miller
"soccer/uk.eurosport.yahoo.com/ifeanyi-emeghara.html",Ifeanyi Emeghara
"soccer/uk.eurosport.yahoo.com/miralem-pjanic.html",Miralem Pjanic
"soccer/uk.eurosport.yahoo.com/sulleyali-muntari.html",Sulley ali Muntari
"soccer/uk.eurosport.yahoo.com/robert-earnshaw.html",Robert Earnshaw
"soccer/uk.eurosport.yahoo.com/florian-marange.html",Florian Marange
"soccer/uk.eurosport.yahoo.com/ronaldo.html",Ronaldo
"soccer/uk.eurosport.yahoo.com/sonny-anderson.html",Sonny Anderson
"soccer/uk.eurosport.yahoo.com/kim.html",Kim
"soccer/uk.eurosport.yahoo.com/roger-lemerre.html",Roger Lemerre
"soccer/uk.eurosport.yahoo.com/gary-cahill.html",Gary Cahill
"soccer/uk.eurosport.yahoo.com/michel-platini.html",Michel Platini
"soccer/uk.eurosport.yahoo.com/timmy-simons.html",Timmy Simons
"soccer/uk.eurosport.yahoo.com/fredrik-stoor.html",Fredrik Stoor
"soccer/uk.eurosport.yahoo.com/greg-halford.html",Greg Halford
"soccer/uk.eurosport.yahoo.com/stephen-pearson.html",Stephen Pearson
"soccer/uk.eurosport.yahoo.com/joe-hart.html",Joe Hart
"soccer/uk.eurosport.yahoo.com/walter-pandiani.html",Walter Pandiani
"soccer/uk.eurosport.yahoo.com/pele.html",Pele
"soccer/uk.eurosport.yahoo.com/daniele-derossi.html",Daniele De rossi
"soccer/uk.eurosport.yahoo.com/anton-ferdinand.html",Anton Ferdinand
"soccer/uk.eurosport.yahoo.com/steven-pienaar.html",Steven Pienaar
"soccer/uk.eurosport.yahoo.com/daniele-adani.html",Daniele Adani
"soccer/uk.eurosport.yahoo.com/leon-osman.html",Leon Osman
"soccer/uk.eurosport.yahoo.com/james-mcfadden.html",James Mcfadden
"soccer/uk.eurosport.yahoo.com/martin-demichelis.html",Martin Demichelis
"soccer/uk.eurosport.yahoo.com/kieran-richardson.html",Kieran Richardson
"soccer/uk.eurosport.yahoo.com/stipe-pletikosa.html",Stipe Pletikosa
"soccer/uk.eurosport.yahoo.com/ledley-king.html",Ledley King
"soccer/uk.eurosport.yahoo.com/lucas-neill.html",Lucas Neill
"soccer/uk.eurosport.yahoo.com/cristian-rodriguez.html",Cristian Rodriguez
"soccer/uk.eurosport.yahoo.com/jose-fernandotorres.html",Jose Fernando torres
"soccer/uk.eurosport.yahoo.com/simone-perrotta.html",Simone Perrotta
"soccer/uk.eurosport.yahoo.com/scott-parker.html",Scott Parker
"soccer/uk.eurosport.yahoo.com/shaun-wrightphillips.html",Shaun Wright-phillips
"soccer/uk.eurosport.yahoo.com/fabio-rochemback.html",Fabio Rochemback
"soccer/uk.eurosport.yahoo.com/david-james.html",David James
"soccer/uk.eurosport.yahoo.com/alan-hutton.html",Alan Hutton
"soccer/uk.eurosport.yahoo.com/marek-saganowski.html",Marek Saganowski
"soccer/uk.eurosport.yahoo.com/alessandro-delpiero.html",Alessandro Del piero
"soccer/uk.eurosport.yahoo.com/andy-griffin.html",Andy Griffin
"soccer/uk.eurosport.yahoo.com/lee-cattermole.html",Lee Cattermole
"soccer/uk.eurosport.yahoo.com/giampaolo-pazzini.html",Giampaolo Pazzini
"soccer/uk.eurosport.yahoo.com/jeremie-aliadiere.html",Jeremie Aliadiere
"soccer/uk.eurosport.yahoo.com/didier-digard.html",Didier Digard
"soccer/uk.eurosport.yahoo.com/josemaria-guti.html",Jose maria Guti
"soccer/uk.eurosport.yahoo.com/kasey-keller.html",Kasey Keller
"soccer/uk.eurosport.yahoo.com/jussi-jaaskelainen.html",Jussi Jaaskelainen
"soccer/uk.eurosport.yahoo.com/alvaro-recoba.html",Alvaro Recoba
"soccer/uk.eurosport.yahoo.com/brian-mcbride.html",Brian Mcbride
"soccer/uk.eurosport.yahoo.com/andreas-ivanschitz.html",Andreas Ivanschitz
"soccer/uk.eurosport.yahoo.com/demirel-volkan.html",Demirel Volkan
"soccer/uk.eurosport.yahoo.com/geremi.html",Geremi
"soccer/uk.eurosport.yahoo.com/shunsuke-nakamura.html",Shunsuke Nakamura
"soccer/uk.eurosport.yahoo.com/sanli-tuncay.html",Sanli Tuncay
"soccer/uk.eurosport.yahoo.com/simone-loria.html",Simone Loria
"soccer/uk.eurosport.yahoo.com/hatem-benarfa.html",Hatem Ben arfa
"soccer/uk.eurosport.yahoo.com/ibrahim-afellay.html",Ibrahim Afellay
"soccer/uk.eurosport.yahoo.com/ahmed-fathi.html",Ahmed Fathi
"soccer/uk.eurosport.yahoo.com/john-mensah.html",John Mensah
"soccer/uk.eurosport.yahoo.com/tim-cahill.html",Tim Cahill
"soccer/uk.eurosport.yahoo.com/wayne-rooney.html",Wayne Rooney
"soccer/uk.eurosport.yahoo.com/robert-kovac.html",Robert Kovac
"soccer/uk.eurosport.yahoo.com/clemens-fritz.html",Clemens Fritz
"soccer/uk.eurosport.yahoo.com/alessandro-gamberini.html",Alessandro Gamberini
"soccer/uk.eurosport.yahoo.com/sidney-govou.html",Sidney Govou
"soccer/uk.eurosport.yahoo.com/gabriel-heinze.html",Gabriel Heinze
"soccer/uk.eurosport.yahoo.com/andy-todd.html",Andy Todd
"soccer/uk.eurosport.yahoo.com/obafemi-martins.html",Obafemi Martins
"soccer/uk.eurosport.yahoo.com/philipp-lahm.html",Philipp Lahm
"soccer/uk.eurosport.yahoo.com/ivica-olic.html",Ivica Olic
"soccer/uk.eurosport.yahoo.com/jari-litmanen.html",Jari Litmanen
"soccer/uk.eurosport.yahoo.com/michael-duberry.html",Michael Duberry
"soccer/uk.eurosport.yahoo.com/kalifa-cisse.html",Kalifa Cisse
"soccer/uk.eurosport.yahoo.com/harry-kewell.html",Harry Kewell
"soccer/uk.eurosport.yahoo.com/per-kroldrup.html",Per Kroldrup
"soccer/uk.eurosport.yahoo.com/raul-meireles.html",Raul Meireles
"soccer/uk.eurosport.yahoo.com/giannis-goumas.html",Giannis Goumas
"soccer/uk.eurosport.yahoo.com/lars-hirschfeld.html",Lars Hirschfeld
"soccer/uk.eurosport.yahoo.com/craig-gordon.html",Craig Gordon
"soccer/uk.eurosport.yahoo.com/scott-chipperfield.html",Scott Chipperfield
"soccer/uk.eurosport.yahoo.com/jens-lehmann.html",Jens Lehmann
"soccer/uk.eurosport.yahoo.com/brede-hangeland.html",Brede Hangeland
"soccer/uk.eurosport.yahoo.com/gyan-asamoah.html",Gyan Asamoah
"soccer/uk.eurosport.yahoo.com/ricardocarvalho.html",Ricardo carvalho
"soccer/uk.eurosport.yahoo.com/rigobert-song.html",Rigobert Song
"soccer/uk.eurosport.yahoo.com/darius-vassell.html",Darius Vassell
"soccer/uk.eurosport.yahoo.com/seydou-keita.html",Seydou Keita
"soccer/uk.eurosport.yahoo.com/richard-dunne.html",Richard Dunne
"soccer/uk.eurosport.yahoo.com/aaron-lennon.html",Aaron Lennon
"soccer/uk.eurosport.yahoo.com/benjani.html",Benjani
"soccer/uk.eurosport.yahoo.com/barry-ferguson.html",Barry Ferguson
"soccer/uk.eurosport.yahoo.com/johan-elmander.html",Johan Elmander
"soccer/uk.eurosport.yahoo.com/ben-foster.html",Ben Foster
"soccer/uk.eurosport.yahoo.com/niclas-alexandersson.html",Niclas Alexandersson
"soccer/uk.eurosport.yahoo.com/peter-crouch.html",Peter Crouch
"soccer/uk.eurosport.yahoo.com/marc-crosas.html",Marc Crosas
"soccer/uk.eurosport.yahoo.com/frank-lampard.html",Frank Lampard
"soccer/uk.eurosport.yahoo.com/jermaine-pennant.html",Jermaine Pennant
"soccer/uk.eurosport.yahoo.com/stephen-appiah.html",Stephen Appiah
"soccer/uk.eurosport.yahoo.com/carlos-villanueva.html",Carlos Villanueva
"soccer/uk.eurosport.yahoo.com/marlon-king.html",Marlon King
"soccer/uk.eurosport.yahoo.com/albert-riera.html",Albert Riera
"soccer/uk.eurosport.yahoo.com/turan-arda.html",Turan Arda
"soccer/uk.eurosport.yahoo.com/johnobi-mikel.html",John obi Mikel
"soccer/uk.eurosport.yahoo.com/michael-rensing.html",Michael Rensing
"soccer/uk.eurosport.yahoo.com/dirk-kuyt.html",Dirk Kuyt
"soccer/uk.eurosport.yahoo.com/fredrik-ljungberg.html",Fredrik Ljungberg
"soccer/uk.eurosport.yahoo.com/paolo-maldini.html",Paolo Maldini
"soccer/uk.eurosport.yahoo.com/ronald-zubar.html",Ronald Zubar
"soccer/uk.eurosport.yahoo.com/andrea-dossena.html",Andrea Dossena
"soccer/uk.eurosport.yahoo.com/louis-saha.html",Louis Saha
"soccer/uk.eurosport.yahoo.com/joseph-yobo.html",Joseph Yobo
"soccer/uk.eurosport.yahoo.com/nolberto-solano.html",Nolberto Solano
"soccer/uk.eurosport.yahoo.com/abdoulaye-meite.html",Abdoulaye Meite
"soccer/uk.eurosport.yahoo.com/theo-walcott.html",Theo Walcott
"soccer/uk.eurosport.yahoo.com/ross-wallace.html",Ross Wallace
"soccer/uk.eurosport.yahoo.com/andres-iniesta.html",Andres Iniesta
"soccer/uk.eurosport.yahoo.com/rio-ferdinand.html",Rio Ferdinand
"soccer/uk.eurosport.yahoo.com/zlatan-ibrahimovic.html",Zlatan Ibrahimovic
"soccer/uk.eurosport.yahoo.com/pierre-ducasse.html",Pierre Ducasse
"soccer/uk.eurosport.yahoo.com/david-wheater.html",David Wheater
"soccer/uk.eurosport.yahoo.com/javier-garrido.html",Javier Garrido
"soccer/uk.eurosport.yahoo.com/sean-davis.html",Sean Davis
"soccer/uk.eurosport.yahoo.com/ricardo-gardner.html",Ricardo Gardner
"soccer/uk.eurosport.yahoo.com/graeme-murty.html",Graeme Murty
"soccer/uk.eurosport.yahoo.com/anthony-mounier.html",Anthony Mounier
"soccer/uk.eurosport.yahoo.com/jonathan-woodgate.html",Jonathan Woodgate
"soccer/uk.eurosport.yahoo.com/christopher-samba.html",Christopher Samba
"soccer/uk.eurosport.yahoo.com/steven-taylor.html",Steven Taylor
"soccer/uk.eurosport.yahoo.com/patrice-evra.html",Patrice Evra
"soccer/uk.eurosport.yahoo.com/mark-gonzalez.html",Mark Gonzalez
"soccer/uk.eurosport.yahoo.com/dayro-moreno.html",Dayro Moreno
"soccer/uk.eurosport.yahoo.com/olof-mellberg.html",Olof Mellberg
"soccer/uk.eurosport.yahoo.com/peter-niemeyer.html",Peter Niemeyer
"soccer/uk.eurosport.yahoo.com/emerse-fae.html",Emerse Fae
"soccer/uk.eurosport.yahoo.com/claude-makelele.html",Claude Makelele
"soccer/uk.eurosport.yahoo.com/darren-fletcher.html",Darren Fletcher
"soccer/uk.eurosport.yahoo.com/mirko-vucinic.html",Mirko Vucinic
"soccer/uk.eurosport.yahoo.com/giuseppe-rossi.html",Giuseppe Rossi
"soccer/uk.eurosport.yahoo.com/george-mccartney.html",George Mccartney
"soccer/uk.eurosport.yahoo.com/artur-boruc.html",Artur Boruc
"soccer/uk.eurosport.yahoo.com/ricardo-quaresma.html",Ricardo Quaresma
"soccer/uk.eurosport.yahoo.com/david-healy.html",David Healy
"soccer/uk.eurosport.yahoo.com/carles-puyol.html",Carles Puyol
"soccer/uk.eurosport.yahoo.com/matthew-upson.html",Matthew Upson
"soccer/uk.eurosport.yahoo.com/thierry-henry.html",Thierry Henry
"soccer/uk.eurosport.yahoo.com/raul-albiol.html",Raul Albiol
"soccer/uk.eurosport.yahoo.com/mario-melchiot.html",Mario Melchiot
"soccer/uk.eurosport.yahoo.com/alan-smith.html",Alan Smith
"soccer/uk.eurosport.yahoo.com/julien-faubert.html",Julien Faubert
"soccer/uk.eurosport.yahoo.com/chris-baird.html",Chris Baird
"soccer/uk.eurosport.yahoo.com/dean-leacock.html",Dean Leacock
"soccer/uk.eurosport.yahoo.com/david-silva.html",David Silva
"soccer/uk.eurosport.yahoo.com/alberto-gilardino.html",Alberto Gilardino
"soccer/uk.eurosport.yahoo.com/andreas-granqvist.html",Andreas Granqvist
"soccer/uk.eurosport.yahoo.com/hermann-hreidarsson.html",Hermann Hreidarsson
"soccer/uk.eurosport.yahoo.com/milan-baros.html",Milan Baros
"soccer/uk.eurosport.yahoo.com/roman-eremenko.html",Roman Eremenko
"soccer/uk.eurosport.yahoo.com/mark-viduka.html",Mark Viduka
"soccer/uk.eurosport.yahoo.com/edison-mendez.html",Edison Mendez
"soccer/uk.eurosport.yahoo.com/rudy-riou.html",Rudy Riou
"soccer/uk.eurosport.yahoo.com/philipp-degen.html",Philipp Degen
"soccer/uk.eurosport.yahoo.com/yuri-zhirkov.html",Yuri Zhirkov
"soccer/uk.eurosport.yahoo.com/rodrigo-taddei.html",Rodrigo Taddei
"soccer/uk.eurosport.yahoo.com/gary-caldwell.html",Gary Caldwell
"soccer/uk.eurosport.yahoo.com/steve-finnan.html",Steve Finnan
"soccer/uk.eurosport.yahoo.com/scott-carson.html",Scott Carson
"soccer/uk.eurosport.yahoo.com/salomon-kalou.html",Salomon Kalou
"soccer/uk.eurosport.yahoo.com/christian-panucci.html",Christian Panucci
"soccer/uk.eurosport.yahoo.com/marco-borriello.html",Marco Borriello
"soccer/uk.eurosport.yahoo.com/eren-derdiyok.html",Eren Derdiyok
"soccer/uk.eurosport.yahoo.com/joey-barton.html",Joey Barton
"soccer/uk.eurosport.yahoo.com/alves-afonso.html",Alves Afonso
"soccer/uk.eurosport.yahoo.com/sbastien-puygrenier.html",Sébastien Puygrenier
"soccer/uk.eurosport.yahoo.com/gareth-southgate.html",Gareth Southgate
"soccer/uk.eurosport.yahoo.com/guillermo-franco.html",Guillermo Franco
"soccer/uk.eurosport.yahoo.com/konstantin-zyryanov.html",Konstantin Zyryanov
"soccer/uk.eurosport.yahoo.com/daniel-agger.html",Daniel Agger
"soccer/uk.eurosport.yahoo.com/bruno-berner.html",Bruno Berner
"soccer/uk.eurosport.yahoo.com/lassana-diarra.html",Lassana Diarra
"soccer/uk.eurosport.yahoo.com/mario-galinovic.html",Mario Galinovic
"soccer/uk.eurosport.yahoo.com/david-beckham.html",David Beckham
"soccer/uk.eurosport.yahoo.com/gabriel-milito.html",Gabriel Milito
"soccer/uk.eurosport.yahoo.com/ronaldinho.html",Ronaldinho
"soccer/uk.eurosport.yahoo.com/amaury-bischoff.html",Amaury Bischoff
"soccer/uk.eurosport.yahoo.com/ulrich-rame.html",Ulrich Rame
"soccer/uk.eurosport.yahoo.com/vincent-kompany.html",Vincent Kompany
"soccer/uk.eurosport.yahoo.com/danny-higginbotham.html",Danny Higginbotham
"soccer/uk.eurosport.yahoo.com/eric-abidal.html",Eric Abidal
"soccer/uk.eurosport.yahoo.com/bobby-zamora.html",Bobby Zamora
"soccer/uk.eurosport.yahoo.com/franck-queudrue.html",Franck Queudrue
"soccer/uk.eurosport.yahoo.com/kahveci-nihat.html",Kahveci Nihat
"soccer/uk.eurosport.yahoo.com/carlo-cudicini.html",Carlo Cudicini
"soccer/uk.eurosport.yahoo.com/renato.html",Renato
"soccer/uk.eurosport.yahoo.com/ryan-nelsen.html",Ryan Nelsen
"soccer/uk.eurosport.yahoo.com/thomas-gravesen.html",Thomas Gravesen
"soccer/uk.eurosport.yahoo.com/titus-bramble.html",Titus Bramble
"soccer/uk.eurosport.yahoo.com/philippe-christanval.html",Philippe Christanval
"soccer/uk.eurosport.yahoo.com/nigel-reocoker.html",Nigel Reo-coker
"soccer/uk.eurosport.yahoo.com/rafael-marquez.html",Rafael Marquez
"soccer/uk.eurosport.yahoo.com/edwin-vandersar.html",Edwin Van der sar
"soccer/uk.eurosport.yahoo.com/john-pantsil.html",John Pantsil
"soccer/uk.eurosport.yahoo.com/craigdouglas-bellamy.html",Craig douglas Bellamy
"soccer/uk.eurosport.yahoo.com/alexander-hleb.html",Alexander Hleb
"soccer/uk.eurosport.yahoo.com/mathieu-valbuena.html",Mathieu Valbuena
"soccer/uk.eurosport.yahoo.com/fabio-grosso.html",Fabio Grosso
"soccer/uk.eurosport.yahoo.com/john-terry.html",John Terry
"soccer/uk.eurosport.yahoo.com/bernard-mendy.html",Bernard Mendy
"soccer/uk.eurosport.yahoo.com/bernardo-corradi.html",Bernardo Corradi
"soccer/uk.eurosport.yahoo.com/gal-clichy.html",Gaël Clichy
"soccer/uk.eurosport.yahoo.com/kevin-nolan.html",Kevin Nolan
"soccer/uk.eurosport.yahoo.com/nemanja-vidic.html",Nemanja Vidic
"soccer/uk.eurosport.yahoo.com/mladen-petric.html",Mladen Petric
"soccer/uk.eurosport.yahoo.com/anderson.html",Anderson
"soccer/uk.eurosport.yahoo.com/zoltan-gera.html",Zoltan Gera
"soccer/uk.eurosport.yahoo.com/christopher-kirkland.html",Christopher Kirkland
"soccer/uk.eurosport.yahoo.com/steed-malbranque.html",Steed Malbranque
"soccer/uk.eurosport.yahoo.com/keith-gillespie.html",Keith Gillespie
"soccer/uk.eurosport.yahoo.com/christian-manfredini.html",Christian Manfredini
"soccer/uk.eurosport.yahoo.com/dario-srna.html",Dario Srna
"soccer/uk.eurosport.yahoo.com/carlos-tevez.html",Carlos Tevez
"soccer/uk.eurosport.yahoo.com/lukasz-fabianski.html",Lukasz Fabianski
"soccer/uk.eurosport.yahoo.com/mohamed-zidan.html",Mohamed Zidan
"soccer/uk.eurosport.yahoo.com/torsten-frings.html",Torsten Frings
"soccer/uk.eurosport.yahoo.com/manuelhenriques-fernandes.html",Manuel henriques Fernandes
"soccer/uk.eurosport.yahoo.com/cristiano-zanetti.html",Cristiano Zanetti
"soccer/uk.eurosport.yahoo.com/zdravko-kuzmanovic.html",Zdravko Kuzmanovic
"soccer/uk.eurosport.yahoo.com/carloslopez-marchena.html",Carlos lopez Marchena
"soccer/uk.eurosport.yahoo.com/sol-campbell.html",Sol Campbell
"soccer/uk.eurosport.yahoo.com/teemu-tainio.html",Teemu Tainio
"soccer/uk.eurosport.yahoo.com/hayden-mullins.html",Hayden Mullins
"soccer/uk.eurosport.yahoo.com/gianluigi-buffon.html",Gianluigi Buffon
"soccer/uk.eurosport.yahoo.com/juninho.html",Juninho
"soccer/uk.eurosport.yahoo.com/ian-pearce.html",Ian Pearce
"soccer/uk.eurosport.yahoo.com/joan-capdevila.html",Joan Capdevila
"soccer/uk.eurosport.yahoo.com/lukas-podolski.html",Lukas Podolski
"soccer/uk.eurosport.yahoo.com/mario-gomez.html",Mario Gomez
"soccer/uk.eurosport.yahoo.com/steve-sidwell.html",Steve Sidwell
"soccer/uk.eurosport.yahoo.com/tom-huddlestone.html",Tom Huddlestone
"soccer/uk.eurosport.yahoo.com/philippe-senderos.html",Philippe Senderos
"soccer/uk.eurosport.yahoo.com/tomasz-kuszczak.html",Tomasz Kuszczak
"soccer/uk.eurosport.yahoo.com/robert-green.html",Robert Green
"soccer/uk.eurosport.yahoo.com/mamadou-samassa.html",Mamadou Samassa
"soccer/uk.eurosport.yahoo.com/david-rozehnal.html",David Rozehnal
"soccer/uk.eurosport.yahoo.com/jamie-carragher.html",Jamie Carragher
"soccer/uk.eurosport.yahoo.com/marco-materazzi.html",Marco Materazzi
"soccer/uk.eurosport.yahoo.com/heurelho-gomes.html",Heurelho Gomes
"soccer/uk.eurosport.yahoo.com/danny-guthrie.html",Danny Guthrie
"soccer/uk.eurosport.yahoo.com/samuel-etoo.html",Samuel Eto'o
"soccer/uk.eurosport.yahoo.com/petter-hansson.html",Petter Hansson
"soccer/uk.eurosport.yahoo.com/gilbertosilva.html",Gilberto silva
"soccer/uk.eurosport.yahoo.com/tiago.html",Tiago
"soccer/uk.eurosport.yahoo.com/alexander-frei.html",Alexander Frei
"soccer/uk.eurosport.yahoo.com/darren-bent.html",Darren Bent
"soccer/uk.eurosport.yahoo.com/carlton-cole.html",Carlton Cole
"soccer/uk.eurosport.yahoo.com/phillip-bardsley.html",Phillip Bardsley
"soccer/uk.eurosport.yahoo.com/dimitar-berbatov.html",Dimitar Berbatov
"soccer/uk.eurosport.yahoo.com/joey-obrien.html",Joey O'brien
"soccer/uk.eurosport.yahoo.com/adriano.html",Adriano
"soccer/uk.eurosport.yahoo.com/aaron-mokoena.html",Aaron Mokoena
"soccer/uk.eurosport.yahoo.com/luka-modric.html",Luka Modric
"soccer/uk.eurosport.yahoo.com/danny-shittu.html",Danny Shittu
"soccer/uk.eurosport.yahoo.com/hugo-lloris.html",Hugo Lloris
"soccer/uk.eurosport.yahoo.com/tal-benham.html",Tal Ben haïm
"soccer/uk.eurosport.yahoo.com/cristian-molinaro.html",Cristian Molinaro
"soccer/uk.eurosport.yahoo.com/steven-davis.html",Steven Davis
"soccer/uk.eurosport.yahoo.com/laurent-blanc.html",Laurent Blanc
"soccer/uk.eurosport.yahoo.com/tranquillo-barnetta.html",Tranquillo Barnetta
"soccer/uk.eurosport.yahoo.com/alberto-aquilani.html",Alberto Aquilani
"soccer/uk.eurosport.yahoo.com/mark-schwarzer.html",Mark Schwarzer
"soccer/uk.eurosport.yahoo.com/jonathan-zebina.html",Jonathan Zebina
"soccer/uk.eurosport.yahoo.com/didier-drogba.html",Didier Drogba
"soccer/uk.eurosport.yahoo.com/andre-chevtchenko.html",Andreï Chevtchenko
"soccer/uk.eurosport.yahoo.com/dario-knezevic.html",Dario Knezevic
"soccer/uk.eurosport.yahoo.com/hernan-crespo.html",Hernan Crespo
"soccer/uk.eurosport.yahoo.com/christian-abbiati.html",Christian Abbiati
"soccer/uk.eurosport.yahoo.com/nikola-zigic.html",Nikola Zigic
"soccer/uk.eurosport.yahoo.com/sebastian-boenisch.html",Sebastian Boenisch
"soccer/uk.eurosport.yahoo.com/sylvain-distin.html",Sylvain Distin
"soccer/uk.eurosport.yahoo.com/mustapha-riga.html",Mustapha Riga
"soccer/uk.eurosport.yahoo.com/michael-brown.html",Michael Brown
"soccer/uk.eurosport.yahoo.com/maik-taylor.html",Maik Taylor
"soccer/uk.eurosport.yahoo.com/nwankwo-kanu.html",Nwankwo Kanu
"soccer/uk.eurosport.yahoo.com/pablo-aimar.html",Pablo Aimar
"soccer/uk.eurosport.yahoo.com/david-bentley.html",David Bentley
"soccer/uk.eurosport.yahoo.com/luisantonio-valencia.html",Luis antonio Valencia
"soccer/uk.eurosport.yahoo.com/shola-ameobi.html",Shola Ameobi
"soccer/uk.eurosport.yahoo.com/branislav-ivanovic.html",Branislav Ivanovic
"soccer/uk.eurosport.yahoo.com/nicky-butt.html",Nicky Butt
"soccer/uk.eurosport.yahoo.com/steve-mandanda.html",Steve Mandanda
"soccer/uk.eurosport.yahoo.com/martin-petrov.html",Martin Petrov
"soccer/uk.eurosport.yahoo.com/john-oshea.html",John O'shea
"soccer/uk.eurosport.yahoo.com/rafael-vandervaart.html",Rafael Van der vaart
"soccer/uk.eurosport.yahoo.com/jermain-defoe.html",Jermain Defoe
"soccer/uk.eurosport.yahoo.com/luca-toni.html",Luca Toni
"soccer/uk.eurosport.yahoo.com/vladimir-stojkovic.html",Vladimir Stojkovic
"soccer/uk.eurosport.yahoo.com/miguel-hugoalmeida.html",Miguel Hugo almeida
"soccer/uk.eurosport.yahoo.com/ezequiel-garay.html",Ezequiel Garay
"soccer/uk.eurosport.yahoo.com/francesco-totti.html",Francesco Totti
"soccer/uk.eurosport.yahoo.com/elliot-grandin.html",Elliot Grandin
"soccer/uk.eurosport.yahoo.com/tim-howard.html",Tim Howard
"soccer/uk.eurosport.yahoo.com/andr-ayew.html",André Ayew
"soccer/uk.eurosport.yahoo.com/marouane-fellaini.html",Marouane Fellaini
"soccer/uk.eurosport.yahoo.com/richard-kingston.html",Richard Kingston
"soccer/uk.eurosport.yahoo.com/xisco.html",Xisco
"soccer/uk.eurosport.yahoo.com/nyron-nosworthy.html",Nyron Nosworthy
"soccer/uk.eurosport.yahoo.com/iker-casillas.html",Iker Casillas
"soccer/uk.eurosport.yahoo.com/leroy-lita.html",Leroy Lita
"soccer/uk.eurosport.yahoo.com/mikel-arteta.html",Mikel Arteta
"soccer/uk.eurosport.yahoo.com/ivanramos-ivancampo.html",Ivan ramos Ivan campo
"soccer/uk.eurosport.yahoo.com/nicklas-bendtner.html",Nicklas Bendtner
"soccer/uk.eurosport.yahoo.com/roque-santacruz.html",Roque Santa cruz
"soccer/uk.eurosport.yahoo.com/liam-ridgewell.html",Liam Ridgewell
"soccer/uk.eurosport.yahoo.com/christian-wilhelmsson.html",Christian Wilhelmsson
"soccer/uk.eurosport.yahoo.com/modeste-mbami.html",Modeste M'bami
"soccer/uk.eurosport.yahoo.com/vincenzo-iaquinta.html",Vincenzo Iaquinta
"soccer/uk.eurosport.yahoo.com/stelios-giannakopoulos.html",Stelios Giannakopoulos
"soccer/uk.eurosport.yahoo.com/florent-malouda.html",Florent Malouda
"soccer/uk.eurosport.yahoo.com/rob-hulse.html",Rob Hulse
"soccer/uk.eurosport.yahoo.com/luke-young.html",Luke Young
"soccer/uk.eurosport.yahoo.com/danny-koevermans.html",Danny Koevermans
"soccer/uk.eurosport.yahoo.com/kim-kallstrom.html",Kim Kallstrom
"soccer/uk.eurosport.yahoo.com/jason-koumas.html",Jason Koumas
"soccer/uk.eurosport.yahoo.com/mariusz-lewandowski.html",Mariusz Lewandowski
"soccer/uk.eurosport.yahoo.com/emmanuel-eboue.html",Emmanuel Eboue
"soccer/uk.eurosport.yahoo.com/santiago-canizares.html",Santiago Canizares
"soccer/uk.eurosport.yahoo.com/craig-fagan.html",Craig Fagan
"soccer/uk.eurosport.yahoo.com/jolean-lescott.html",Jolean Lescott
"soccer/uk.eurosport.yahoo.com/ahmed-hassan.html",Ahmed Hassan
"soccer/uk.eurosport.yahoo.com/mohamed-shawky.html",Mohamed Shawky
"soccer/uk.eurosport.yahoo.com/julio-arca.html",Julio Arca
"soccer/uk.eurosport.yahoo.com/niko-kranjcar.html",Niko Kranjcar
"soccer/uk.eurosport.yahoo.com/javier-zanetti.html",Javier Zanetti
"soccer/uk.eurosport.yahoo.com/nicky-hunt.html",Nicky Hunt
"soccer/uk.eurosport.yahoo.com/adrian-mutu.html",Adrian Mutu
"soccer/uk.eurosport.yahoo.com/gareth-barry.html",Gareth Barry
"soccer/uk.eurosport.yahoo.com/hakan-yakin.html",Hakan Yakin
"soccer/uk.eurosport.yahoo.com/vedran-corluka.html",Vedran Corluka
"soccer/uk.eurosport.yahoo.com/nani.html",Nani
"soccer/uk.eurosport.yahoo.com/georgios-samaras.html",Georgios Samaras
"soccer/uk.eurosport.yahoo.com/claude-davis.html",Claude Davis
"soccer/uk.eurosport.yahoo.com/frdric-kanoute.html",Frédéric Kanoute
"soccer/uk.eurosport.yahoo.com/daniel-braaten.html",Daniel Braaten
"soccer/uk.eurosport.yahoo.com/josip-simunic.html",Josip Simunic
"soccer/uk.eurosport.yahoo.com/george-boateng.html",George Boateng
"soccer/uk.eurosport.yahoo.com/franck-ribery.html",Franck Ribery
"soccer/uk.eurosport.yahoo.com/lorik-cana.html",Lorik Cana
"soccer/uk.eurosport.yahoo.com/mario-balotelli.html",Mario Balotelli
"soccer/uk.eurosport.yahoo.com/paul-hartley.html",Paul Hartley
"soccer/uk.eurosport.yahoo.com/sergioramos.html",Sergio ramos
"soccer/uk.eurosport.yahoo.com/bafetimbi-gomis.html",Bafetimbi Gomis
"soccer/uk.eurosport.yahoo.com/diego-forlan.html",Diego Forlan
"soccer/uk.eurosport.yahoo.com/nder-turaci.html",Önder Turaci
"soccer/uk.eurosport.yahoo.com/robert-huth.html",Robert Huth
"soccer/uk.eurosport.yahoo.com/andreas-hinkel.html",Andreas Hinkel
"soccer/uk.eurosport.yahoo.com/ebi-smolarek.html",Ebi Smolarek
"soccer/uk.eurosport.yahoo.com/shabani-nonda.html",Shabani Nonda
"soccer/uk.eurosport.yahoo.com/nicolas-anelka.html",Nicolas Anelka
"soccer/uk.eurosport.yahoo.com/pedro-mendes.html",Pedro Mendes
"soccer/uk.eurosport.yahoo.com/habib-beye.html",Habib Beye
"soccer/uk.eurosport.yahoo.com/jerzy-dudek.html",Jerzy Dudek
"soccer/uk.eurosport.yahoo.com/sami-hyypia.html",Sami Hyypia
"soccer/uk.eurosport.yahoo.com/ousmane-dabo.html",Ousmane Dabo
"soccer/uk.eurosport.yahoo.com/david-trezeguet.html",David Trezeguet
"soccer/uk.eurosport.yahoo.com/antti-niemi.html",Antti Niemi
"soccer/uk.eurosport.yahoo.com/michael-dawson.html",Michael Dawson
"soccer/uk.eurosport.yahoo.com/daniel-vanbuyten.html",Daniel Van buyten
"soccer/uk.eurosport.yahoo.com/stuart-parnaby.html",Stuart Parnaby
"soccer/uk.eurosport.yahoo.com/paul-scholes.html",Paul Scholes
"soccer/uk.eurosport.yahoo.com/lionel-messi.html",Lionel Messi
"soccer/uk.eurosport.yahoo.com/diego-lopez.html",Diego Lopez
"soccer/uk.eurosport.yahoo.com/emile-heskey.html",Emile Heskey
"soccer/uk.eurosport.yahoo.com/taye-taiwo.html",Taye Taiwo
"soccer/uk.eurosport.yahoo.com/james-milner.html",James Milner
"soccer/uk.eurosport.yahoo.com/thomas-augustinussen.html",Thomas Augustinussen
"soccer/uk.eurosport.yahoo.com/rolando-bianchi.html",Rolando Bianchi
"soccer/uk.eurosport.yahoo.com/johan-djourou.html",Johan Djourou
"soccer/uk.eurosport.yahoo.com/dietmar-hamann.html",Dietmar Hamann
"soccer/uk.eurosport.yahoo.com/michael-beauchamp.html",Michael Beauchamp
"soccer/uk.eurosport.yahoo.com/barry-robson.html",Barry Robson
